latitud,longitud,zona,dist_z0,dist_z1,dist_z2,dist_z3,dist_z4,dist_z5,dist_z6,dist_z7,dist_z8,dist_z9
41.65234929,-0.900890765,8,1.5473716496323802,3.027974631936494,2.620767441758365,3.058780462566081,0.25706188100790905,1.2722803939468401,0.7054672383528975,2.026118248987034,0.0,6.364976551001409
41.66360933,-0.903014098,6,2.4456513447244914,3.7051825448305107,2.5545099713845643,2.79778510472447,0.4212217347017639,1.6542089828485043,0.0,3.2493937950100924,0.8678537881293683,6.327071453453224
41.62884481,-0.886270302,7,0.9355311605478943,1.764631936471862,4.506069971349429,3.8296530585907655,1.9865120869530326,2.2196203730230453,3.1535751525275537,0.0,1.0743994727725081,6.376930675456902
41.67555664,-0.897266758,6,3.1855196528078222,3.915365638158992,3.3583653866436456,2.0858316126387355,1.8473697121886736,2.063510747821355,0.0,4.360213414802615,2.090843708780984,5.67783397486641
41.64436595,-0.867405082,1,0.7311043043258814,0.0,6.381109773666543,1.5499664023148487,3.9886445065658256,0.8127580067756243,2.8023094077990547,1.2047346532629961,2.30540895717122,3.693928888076288
41.6331604,-0.885054257,7,0.43823451265420726,1.4317053149777472,4.5683230494698694,3.341670788809219,2.0426206664112874,1.723147289036492,2.7092035564479184,0.0,0.8807849978618264,5.942530327149542
41.63388768,-0.873195525,7,0.31589857560695994,0.2813807009951444,5.875934665400354,2.8203223721675004,3.358665425604812,1.4430367984463517,3.21168501556192,0.0,2.037989048452254,5.008803942366785
41.64359056,-0.896111254,8,0.7566121362505983,2.4598830952245354,3.2557179186055567,3.183634582966697,0.8567612997673997,1.2113591181804186,1.5498700383682675,0.9198969052186942,0.0,6.25880627283332
41.6392942,-0.897384751,8,0.7476492181194728,2.656740076290831,3.1873017300057955,3.611105694320905,0.6883763529312731,1.6395705864826358,2.045847637907555,0.710411675771066,0.0,6.618335266617962
41.66028089,-0.871079641,3,1.55846382702103,0.6642948838092407,5.975976041461724,0.0,3.6076690478156666,0.0833490316096744,1.3249874120494454,2.719693182197839,2.1450941662920733,2.9491886142538166
41.66399589,-0.872728025,3,1.9201218792706785,1.0882280395246733,5.854068145623249,0.0,3.5339939918193584,0.29951132376316636,1.0249035584369914,3.111240671598641,2.134601359466325,2.9994045678774874
41.63888163,-0.934963443,2,4.914717570807564,6.807875062868401,0.0,7.0849860487227945,1.1182123390783176,5.3391792972006415,4.133700788398677,3.7327849615323303,3.5633138951231285,10.431370246325447
41.66008072,-0.87367224,5,1.4748042660350122,0.8528523708664375,5.6871948905070875,0.1477800879013564,3.321207936391966,0.0,1.084200267688723,2.671282227541142,1.8661783623951353,3.225947312929354
41.6692296,-0.838615635,9,4.708372057889539,2.307316120633541,9.687707582531129,1.3782857007132996,7.345236508712657,3.611295047381716,4.762742320618678,5.3900373180780905,5.855840904419379,0.0
41.66175562,-0.884255377,5,1.415399277694613,1.8444668295360338,4.549385473996953,0.9485646901062208,2.235126486760434,0.0,0.11233729502717003,2.786481059215382,0.922203655559584,4.3034913500354355
41.68787443,-0.871333817,3,4.573095601183934,3.5341747525877176,6.537162808661833,0.0,4.854207681644494,2.844116196301071,1.6101807277545668,5.768879151183994,4.089319212539501,3.392852274546658
41.65724803,-0.891077818,6,1.0529523106103094,2.2041961477443457,3.7318513993540336,1.8536493360325283,1.3682382562419666,0.15137238125700966,0.0,2.278140392521271,0.07617575470286678,5.162473862449486
41.64550366,-0.897543876,8,0.9526465637495728,2.5969670755277616,3.052026998868765,3.1780778340659923,0.6806282869444173,1.2298500757715987,1.384550263611268,1.1852515860392994,0.0,6.304287636799586
41.65483053,-0.881987108,5,0.7565770081581193,1.2277376454035491,4.729561056722336,1.1809924749637828,2.3251740872156543,0.0,0.8362079333015728,2.0343096688086875,0.8171637199618428,4.300937083020791
41.6213045,-0.933361313,2,5.097319755461961,6.952542903498996,0.0,7.980227127203891,0.9168123673467836,6.028486786687997,5.390432542208539,2.8056355087726472,3.5749001138367036,11.078797112659334
41.64432827,-0.90167235,8,1.378934033370001,3.0640622369372728,2.6385226675990516,3.630568670762655,0.23720796346538003,1.697256797401342,1.5996690311379678,1.413987168520071,0.0,6.774651749242677
41.65127011,-0.90142178,8,1.567839264888036,3.064108376040255,2.557990505420811,3.1753146163326083,0.17406587351024178,1.366263271763248,0.8283589780260063,1.957314035447607,0.0,6.459070646577425
41.66139816,-0.896387517,6,1.7708228357354403,2.9496505454292485,3.2218662754699605,2.146889787132405,0.9953373136679178,0.8859583520631701,0.0,2.7932870343708696,0.5219544292544422,5.633640980169364
41.66049471,-0.894588285,6,1.569063452836901,2.7275863644929816,3.3952618851234027,1.999488022491283,1.1122944589008794,0.6623251390394882,0.0,2.6614433824021577,0.40052301850074873,5.455756569831892
41.64586365,-0.885302258,0,0.0,1.237207924627526,4.387210968595501,2.1702260325464993,1.9940702592459318,0.3556758312160079,1.3635829276849234,1.0259151420953065,0.3619919845785352,5.092425315685039
41.65034826,-0.860948805,1,1.5545783279131289,0.0,7.0553360201926605,0.878668178507683,4.6624118969292105,1.125198934965861,2.862213676743923,2.1641303093607784,2.9726509025080614,2.729221175842852
41.67764946,-0.888467768,6,3.1795198091509658,3.3930470699420554,4.3599531568650605,1.197572206084996,2.6615543744490164,1.6742642466791202,0.0,4.556654388674607,2.3462949509663695,4.741880609853025
41.6272855,-0.875410536,7,0.9877411469235153,1.0545010880775925,5.7232737274716445,3.5849686762435975,3.197782643641136,2.170760783522917,3.701735163070105,0.0,2.131544365794372,5.750228883957918
41.65847695,-0.89376066,6,1.33491124163367,2.5298646455799347,3.4496636087473846,2.02327552646455,1.119826252857369,0.4790248553266615,0.0,2.427919761399266,0.1614827356559524,5.415036420197282
41.63165446,-0.886298602,7,0.6370530808616908,1.6219494014306108,4.450198270241278,3.554715723949741,1.9188535678864553,1.9155182529019716,2.8451248852145623,0.0,0.8497562010615886,6.158184699014929
41.65192065,-0.905604837,4,2.024062103900081,3.5344655204915667,2.0952546341035796,3.5267099589435844,0.0,1.791135162987948,0.8914509344330878,2.3055352346109967,0.3225750338612948,6.878583019531977
41.62955307,-0.88606924,7,0.8538079998209914,1.7066936763498106,4.512737315570661,3.749308438898592,1.9874413624048763,2.1380536739286953,3.0795446450841615,0.0,1.0287804174880588,6.304875797715356
41.66960087,-0.882931868,6,2.299188025004754,2.311726489501064,4.791666716300539,0.491175058757084,2.734429304284931,0.6392541320929315,0.0,3.6616363471163274,1.6847210458289956,4.054009087290205
41.69055211,-0.862370778,3,5.0579734492358925,3.652338916276346,7.572653161626557,0.0,5.839284470911735,3.431985941495095,2.5978403638259833,6.205394552114099,4.916592045380508,2.873144353230423
41.64577829,-0.889979167,8,0.15861979596243939,1.7561314306894178,3.8741200503603452,2.5204036527438944,1.4817244924026276,0.5659094827634993,1.235848920130119,1.0165780621642724,0.0,5.544434796472276
41.66226837,-0.899304615,6,2.051656269654634,3.275029832973259,2.9350373834787575,2.42730887991462,0.7681211429023608,1.2194564458716302,0.0,2.9668356278918386,0.7549243463530397,5.938058485513704
41.65288256,-0.914329815,4,2.9759513078259285,4.508765475745705,1.1309446422913223,4.34850082931665,0.0,2.730317832954788,1.3833012820178736,3.030568166758164,1.2791477418085202,7.783077749237202
41.65175099,-0.870701515,1,0.7093105436570544,0.0,5.971733863062496,0.8167278231713339,3.5801761709279902,0.0602730328989,1.954678638493879,1.79654323833347,1.8983530397411903,3.3840531378772987
41.64492054,-0.876238135,0,0.0,0.25677964620482946,5.399437738970223,1.7378583851652185,3.006446300703862,0.28060484338571917,2.050037921933033,0.975752774595702,1.3371603603977544,4.339234435160093
41.6496859,-0.878354739,5,0.2686545581853072,0.5606918127257774,5.123192380940216,1.3877584676171053,2.730865893708288,0.0,1.5061254920260447,1.4911910027243511,1.039213662882571,4.213046821611269
41.66146898,-0.858210487,3,2.4468112866095133,0.39317689382259036,7.411819905989696,0.0,5.037405947012204,1.2699217621330843,2.662115274571719,3.355692448405515,3.5141364883018036,1.6258411860681141
41.64767357,-0.899841312,8,1.271276005092862,2.849786748537392,2.759382564391766,3.2633391643069394,0.36619991899358545,1.3753733329608075,1.2074271481169578,1.530648373688165,0.0,6.4376874851472365
41.64640884,-0.871266503,1,0.35050880202455253,0.0,5.931101593520652,1.4126791629348685,3.5412121176976057,0.3328065490006526,2.346242258105751,1.2080707344499533,1.8456145108555166,3.81794771204077
41.66805603,-0.893913143,6,2.2730827934644555,3.125702619393706,3.561831148927882,1.7213750692171905,1.5441215164847841,1.2549486319869214,0.0,3.4893986479888395,1.2196947906003737,5.278903410749383
41.66964806,-0.893690036,6,2.4295838552980564,3.204501192311631,3.6029244537754423,1.6648845818081996,1.6555131918372739,1.331556447286823,0.0,3.6640050202840433,1.3953823287453773,5.249184043198049
41.63148096,-0.911445083,4,2.421364839932756,4.332566564058632,1.7130827303775125,5.353739522524645,0.0,3.382215117839153,3.232608924056319,1.3933771947530185,0.9207524717648012,8.404591394794279
41.64931643,-0.89798982,8,1.131634841991049,2.6570790124225176,2.9456496854039593,2.9948779134443475,0.558559366613606,1.1353482464952662,0.9965314383401793,1.5742011489416075,0.0,6.177852269491722
41.63702935,-0.877426942,0,0.0,0.5036394649244504,5.395178113349527,2.5975973546348397,2.8800330287564835,1.1319308231369318,2.6540215396880313,0.08971065461305258,1.504221890809025,5.040872280557278
41.65744895,-0.892999873,6,1.192908747406243,2.399372556105479,3.5210564101030397,2.0155157474594247,1.168093061608616,0.3593167518710373,0.0,2.3065237793487317,0.0522283290588469,5.362000047102336
41.63610284,-0.903443712,4,1.4323188106015063,3.3694960523844095,2.506698183618309,4.344593344456841,0.0,2.3694985256643317,2.527927117436315,0.8106512168908452,0.12762163985526045,7.377990637451002
41.65079463,-0.868388056,1,0.8186428686265868,0.0,6.228374826773823,0.8874110341212068,3.835587729595004,0.32243477754008354,2.207736814761847,1.776645028756821,2.1475052518483384,3.2525338834769535
41.65126856,-0.873342812,5,0.5316164813354662,0.18931135624687473,5.677817420669788,0.9630604813985184,3.28551533155828,0.0,1.7930592283194209,1.6958798452965518,1.6011639404996485,3.6526547284380366
41.67673959,-0.891052734,6,3.117389877636929,3.501800830751801,4.0556432757274665,1.4418994474659186,2.3840925368720627,1.7252816071373547,0.0,4.443710699182072,2.1970464450770115,5.009197759456746
41.65734011,-0.892344941,6,1.138995192041038,2.3302255102329616,3.592434768384161,1.9620802273881994,1.2356851153983515,0.28602058736391506,0.0,2.2901537523804687,0.08148546443970128,5.29508538251403
41.63928783,-0.888017493,0,0.0,1.6216414553801934,4.225687793693263,2.9411560547681335,1.7130487242127979,1.1294353631367593,1.9771795751351713,0.3905259145248559,0.3071141126523448,5.754117562156694
41.67017588,-0.846450281,9,4.067125531188063,1.7628194670810804,8.84012523353216,0.5431134720786508,6.530069738086686,2.8658001485896745,3.8935290523291832,4.892012638860335,5.092108458796492,0.0
41.65150724,-0.88862819,8,0.37557066018190005,1.6851082453558062,3.979700096600059,1.984610693790403,1.5887651371380895,0.10258188575941408,0.6401590840235616,1.6696095605136283,0.0,5.124968981629482
41.64521657,-0.888666744,0,0.0,1.6162909776960375,4.027918930322267,2.4671948676847886,1.6366822740013311,0.5629154109815347,1.315425457585389,0.9904644210688257,0.03672647679920127,5.449195312114319
41.64045486,-0.89566369,8,0.5992787659968296,2.4508705620173012,3.3898896839369046,3.384766257012631,0.9105032772134191,1.4164202881087438,1.8850132985703694,0.6235332212539738,0.0,6.387963261109347
41.64550366,-0.897543876,8,0.9526465637495728,2.5969670755277616,3.052026998868765,3.1780778340659923,0.6806282869444173,1.2298500757715987,1.384550263611268,1.1852515860392994,0.0,6.304287636799586
41.6485317,-0.874219302,5,0.21752699266870662,0.1487878064869882,5.587492161886206,1.2791828763303141,3.197409526626003,0.0,1.94386295947938,1.3867235707613828,1.50418180167866,3.911973667502842
41.6710257,-0.889135025,6,2.456432907594531,2.901376657175088,4.124500122708074,1.1444751775934645,2.1682264172380665,1.0947467760782899,0.0,3.8172933759392844,1.610055061574032,4.743684455082407
41.67128561,-0.885693098,6,2.4609814426144463,2.6529990644012114,4.507300721963703,0.7609537043946848,2.521434050033019,0.9029141277663333,0.0,3.8481450615066755,1.723889198965757,4.362051709337324
41.65943167,-0.89499549,6,1.5039139922284266,2.702122311185772,3.329442972719174,2.09150628663268,1.022259799467669,0.6497106854364948,0.0,2.550986682067751,0.28747073021108077,5.524435529211597
41.68433043,-0.871131038,3,4.183782507422344,3.141770060077289,6.421589680428579,0.0,4.646196108018492,2.466496961054949,1.411061695632566,5.377497240907809,3.773768900384701,3.1612808640503323
41.66774884,-0.831707846,9,5.297409370948971,2.8946406099876163,10.420499523697655,2.143543460391242,8.06008556154168,4.290337114806026,5.531704310658034,5.858165124948669,6.525149766023891,0.0
41.69039875,-0.863102568,3,5.0190480125611225,3.6463970885003008,7.490706103301148,0.0,5.762176618712931,3.384018152156988,2.5194107312711926,6.1714402986418335,4.851592745769732,2.910733140945338
41.64409682,-0.896809552,8,0.844668801927648,2.529350649744804,3.166533489420165,3.207587707162222,0.7703320018595231,1.2424670411009848,1.5115185454118438,1.010588804863073,0.0,6.301251212015631
41.66987453,-0.883432797,6,2.321727442803095,2.3705011832529994,4.738985879149553,0.546715274002268,2.69225230134985,0.6771116428270478,0.0,3.690023322873442,1.683108063767831,4.109300751426345
41.6519958,-0.884286264,5,0.3709897042960047,1.259344675338724,4.463028335979872,1.584086874435935,2.0735563234925762,0.0,0.8839061574688182,1.7020540816169534,0.4371757447390933,4.66411755012305
41.63656979,-0.89812073,8,0.841918483995221,2.7781099652622543,3.096354100877029,3.885440253387636,0.5910279313773399,1.92360702509094,2.3590400219942813,0.6797676741758027,0.0,6.848625154039806
41.65947347,-0.8691717,3,1.5486797309832958,0.4493767145098444,6.1781136746034,0.0,3.7995443243070817,0.14215658811170861,1.5549847653603972,2.670611374840523,2.3102078860293256,2.7906439797820077
41.63935582,-0.884440427,0,0.0,1.2273175200032846,4.622927081695722,2.7156435049697603,2.10922674725162,1.0352576561074844,2.0679054041918112,0.2976886564724949,0.6892945875969385,5.435505706654478
41.65908025,-0.940475667,2,5.9545628432746325,7.488239996041657,0.0,6.9860043065613375,1.9615257247387479,5.628549545274484,3.511661550056502,5.611128444990844,4.230095785048559,10.519745273275289
41.6392032,-0.895520032,8,0.5417896932572948,2.451471973762296,3.39317940254829,3.4744041042349254,0.8873061998282303,1.515746725339364,2.020699495384226,0.5280980965600612,0.0,6.447452013994152
41.66220546,-0.858858763,3,2.4516240624429737,0.47863467253701153,7.3492701510682155,0.0,4.9812165054649045,1.2342040654250206,2.578506677524757,3.3878197635395697,3.4780462755447203,1.638644371683655
41.63288316,-0.8879306,7,0.48311695079006906,1.7448373792873964,4.253533850163199,3.529881321467469,1.725037550794656,1.8226790101356027,2.6838389145820396,0.0,0.6228922962777356,6.197727188566768
41.63366554,-0.873694084,7,0.3210212562421976,0.32839324344448567,5.822188325498548,2.8534798514532187,3.3033606878963635,1.4629206366278356,3.1982791672625845,0.0,1.9916690931313812,5.061627096957486
41.63221243,-0.91129948,4,2.3817881933938145,4.304763553031399,1.7091953537998044,5.289764709683334,0.0,3.3199442647907036,3.150709367595653,1.3895262086205225,0.8972127060859288,8.349340813461037
41.65543711,-0.885999419,5,0.699781363260837,1.6233573692631378,4.284871578672417,1.5000068683608656,1.8855778968775563,0.0,0.4591850772564754,2.0922379944443863,0.402536476679341,4.689576167280101
41.64669524,-0.858078676,1,1.7913217132605557,0.0,7.389770076863121,1.283055238386354,5.000685709449508,1.5522790998738465,3.361318635420776,2.109141089667017,3.303002495476711,2.883762385018944
41.64117324,-0.9304802,2,4.427916527836229,6.283788888514992,0.0,6.525545502404626,0.6279930241979449,4.784054606192855,3.5865826131955623,3.5278427165730424,3.0728830970022694,9.877124468936085
41.63258799,-0.945963356,2,6.16877077425737,8.10282583342211,0.0,8.491851592579845,2.3879401455479017,6.73219068306233,5.530254289425142,4.4718428612014485,4.7477373379834,11.819464454463416
41.64235223,-0.885954117,0,0.0,1.3593593578694598,4.384776385193001,2.530699806225752,1.9919615603165666,0.7500403168035342,1.6983770434650967,0.6546107780862337,0.40433831356966704,5.3687526295976316
41.66073836,-0.897066568,6,1.760968009449061,2.9741784850327413,3.1315952924753607,2.243157292451471,0.8910171968427397,0.92148815623413,0.0,2.7376483225376065,0.4788862387137737,5.720949147778432
41.62934067,-0.887329918,7,0.8821389658604579,1.8395604237383898,4.379716379049504,3.835251691911084,1.8581234567386753,2.1928697554764716,3.0825914067112277,0.0,0.959816410811878,6.4201192439998795
41.63806244,-0.879286591,0,0.0,0.6944826383115942,5.1897378860922965,2.5714201642858376,2.67324635534165,1.064611706562589,2.44604959961401,0.21025433790553327,1.2680603040858722,5.10324523239562
41.65090204,-0.912515891,4,2.7183802385329976,4.280665218237656,1.3253403336000014,4.2565077728235465,0.0,2.565475448869705,1.376650116276326,2.7354707286467863,1.0772754613542312,7.6466213476095115
41.67411723,-0.872140407,3,3.043584479316506,2.062069704010836,6.0427139073864495,0.0,4.027369249125229,1.3454778771200324,1.1082228145173334,4.2376962705526315,2.8401195850531247,2.887853367155303
41.67039799,-0.88512914,6,2.3641461840063065,2.5377114006879316,4.557443402102023,0.7139390791036229,2.5382038911633398,0.787430534738222,0.0,3.7476619198078462,1.6538145941995304,4.297717559885702
41.65913682,-0.900225195,6,1.8828058062557338,3.1988426288293526,2.7516254260292756,2.6348499468097595,0.5069882234567471,1.1835805302048978,0.0,2.6718716558635736,0.4254737590530748,6.099581238600845
41.63541705,-0.878267687,7,0.11250177401154599,0.6374616147022676,5.304913670317708,2.798055004869184,2.796386942205291,1.3307182452312487,2.756601241618747,0.0,1.4495204914991222,5.235820530095428
41.63141321,-0.88554239,7,0.639302514474058,1.5567270655659322,4.537097357129661,3.538675879912874,2.00569780345469,1.9239525977125151,2.8870867400271276,0.0,0.9327047077846148,6.116897775556235
41.64445881,-0.874950057,0,0.0,0.15134378734923554,5.547993953603964,1.727983999415599,3.1548345699338127,0.2642020618575994,2.1840295937300285,0.9344234563077134,1.4890251149251865,4.265280408807971
41.62898096,-0.933322416,2,4.843010145875498,6.777891022036296,0.0,7.499119653626271,1.0944425932713937,5.605554631729829,4.734658420448146,3.0181709735883397,3.367234325361201,10.682725634588548
41.63161651,-0.886609925,7,0.6536889669182196,1.6553733920022995,4.416501956169145,3.5752226199612167,1.885116773691285,1.927980247964818,2.8435213533851873,0.0,0.8257028711407535,6.186021499887614
41.64387499,-0.88117737,0,0.0,0.8177392488440125,4.873236161255108,2.09681461824522,2.481938943534924,0.47350175141927076,1.7918034362870645,0.8576031314402113,0.8566426668485685,4.8402934940512665
41.63987472,-0.874342486,0,0.0,0.16908385534981388,5.703918092455499,2.1933228273457166,3.232058978908632,0.7702423971397061,2.6194236267316255,0.425117597330913,1.7235475188980331,4.576013690353556
41.64456477,-0.872515365,1,0.16989265462673034,0.0,5.814770987467916,1.6392789034269835,3.4218668361421365,0.3365401707665521,2.3690001407767993,0.973047391151139,1.7464383617696366,4.0602178508805995
41.64844029,-0.901220471,8,1.440113576849128,3.0068698436218884,2.596714415129759,3.344270265232783,0.2119497070036981,1.486583579859215,1.1407487714656595,1.6929849116035995,0.0,6.547266549483141
41.67116187,-0.90903934,6,3.512033674091625,4.722178894020858,1.9632543955230715,3.3533533885211955,0.8097198706204077,2.65306437973643,0.0,4.294234159501576,1.8598940337622312,6.955195807225417
41.67130377,-0.87418056,3,2.713057460260412,1.8593098869424154,5.777720675385917,0.0,3.678083813137745,0.9814352698700309,0.8153805480401395,3.914797771482214,2.4619982986775266,3.0836866039657282
41.63290869,-0.88813385,7,0.4760900713553938,1.765620574166139,4.230775849390076,3.539690600113242,1.7023187422120512,1.8237362793299503,2.6785065408711644,0.0,0.6037011083715367,6.212648510136247
41.64245999,-0.884372182,0,0.0,1.1833028819690699,4.553842884131998,2.4282977102452334,2.164039164220351,0.7018895324192164,1.7501277534697421,0.6424949376860634,0.5754838046736992,5.218954913435196
41.63933482,-0.869024099,1,0.5230866214009711,0.0,6.2941049765293755,2.1328598871216236,3.8179313569643227,1.032662160684891,3.0509359166843026,0.6520214188925341,2.2971806133282557,4.246633117382618
41.65440671,-0.886035065,5,0.5852948946779329,1.5618318461209162,4.27919117770182,1.5635476974328344,1.8737275267286753,0.0,0.5550744240944085,1.9785694304201253,0.3736030137653391,4.73445241801414
41.63809133,-0.884118879,0,0.0,1.223714808808513,4.653032409961509,2.8146220084262747,2.1365366895689086,1.165515734857184,2.212264339019785,0.1595588135090688,0.7533904442384072,5.497852248785269
41.6589321,-0.877155916,5,1.3001057045157514,1.0169819900191905,5.289190660979612,0.4797551748728421,2.91620497295613,0.0,0.8830088092954163,2.5235283769424712,1.459066967292376,3.6332763687778717
41.6581185,-0.865068028,3,1.6518098867954447,0.22910493407011046,6.621530958552087,0.0,4.229878708271765,0.4363357726544399,2.032535510227255,2.6698949777470293,2.6701184035219745,2.4645634973225428
41.6256107,-0.852221763,1,2.640998960758553,0.0,8.293941880309408,3.6930867014118514,5.762902086756912,3.4209364340171287,5.454149309562879,1.7070831662910257,4.537341376185627,4.0882200503810475
41.65383618,-0.899601206,8,1.4827219599427988,2.9274873742411214,2.770852556837891,2.8476200165045844,0.36509089774964343,1.0945919728905327,0.5429019782647155,2.1036056967357992,0.0,6.178417673130324
41.640764,-0.866852553,1,0.8020745527112554,0.0,6.500510387438923,1.9384434095034724,4.069597498658001,1.0875838304831742,3.1210353293331843,0.9367321354473704,2.473040925520873,3.977263817316258
41.65969622,-0.900570429,6,1.9532767327103941,3.260362133981846,2.7264358544879874,2.6483264132452455,0.5270021844791444,1.2366997486296154,0.0,2.7437696869981987,0.4717363507831805,6.1250423184561615
41.65360386,-0.880040349,5,0.6675820845686447,0.9762163040851872,4.940501649936519,1.13326691860304,2.5384595034056305,0.0,1.0918733971022083,1.9319748596231172,0.9387272202228715,4.161732944602801
41.63823414,-0.87197172,1,0.18767592027422725,0.0,6.001951551502966,2.323295039378001,3.486228267069918,0.994498705302613,2.9244667584571564,0.36416149662075603,2.0231752501875313,4.542821307012011
41.6542758,-0.897982871,8,1.352270620955229,2.768838820686113,2.9522186341493803,2.6712754261129894,0.5478637371147084,0.9091155055908964,0.4478727719796214,2.0783800806769186,0.0,5.99219096688874
41.64225509,-0.867482071,1,0.71123582379927,0.0,6.404255145762439,1.782891483799861,4.011627758768001,0.9318843181318363,2.962067048650164,1.0084537949331687,2.3541335945752015,3.883971909054351
41.65105202,-0.905069086,4,1.9343825173863296,3.461267936856189,2.152635949109592,3.525911383522756,0.0,1.7583596218549835,0.9497227683382201,2.194469284883642,0.25440418646659224,6.851041839451228
41.60388737,-0.821310225,1,6.828375447915127,0.0,12.129042440341113,7.274800761879209,9.71348030765438,7.598601822674461,9.590309171162302,3.7848704792351717,8.648135259212046,5.019710557854467
41.64900523,-0.914709565,4,2.8983494784165877,4.506801104710846,1.105472741978282,4.569287468572085,0.0,2.8511872638448157,1.6971567895590822,2.713101894371763,1.3277971328106999,7.940765316358309
41.6519958,-0.884286264,5,0.3709897042960047,1.259344675338724,4.463028335979872,1.584086874435935,2.0735563234925762,0.0,0.8839061574688182,1.7020540816169534,0.4371757447390933,4.66411755012305
41.66022831,-0.898640164,6,1.8355837295997381,3.0971403779166438,2.948590978249915,2.4267262556802423,0.7189258910458056,1.0535920103068959,0.0,2.728477014500452,0.5353805438421707,5.903265878889111
41.64350661,-0.869591453,1,0.4755290681780375,0.0,6.152213869832555,1.699557804382675,3.7590274244724715,0.6621184691050828,2.6922847222437634,0.9929892433868083,2.090488589264435,3.9232785960813676
41.63641995,-0.89228017,8,0.2636746504360467,2.147600499655948,3.7455011149362822,3.4747965795013163,1.2358609360864063,1.608356133578441,2.2795552821849006,0.061958898567160935,0.0,6.324394331258618
41.64414088,-0.887802442,0,0.0,1.539376039379568,4.143249892612227,2.493109051917743,1.7572595782672027,0.6170231130277344,1.4516575245718384,0.9127297829228803,0.17739102013322466,5.4294779194795995
41.661409,-0.896738105,6,1.796697484412799,2.982928169205395,3.184333992550041,2.1831717302377087,0.965330467830646,0.9211107663823876,0.0,2.8023753775143927,0.5342621263382177,5.6718040069408575
41.63858111,-0.886970729,0,0.0,1.519277150388648,4.338038290387869,2.9460924811516573,1.8222683159393964,1.180655109546482,2.0750040055122847,0.33270771813871125,0.43291912943101646,5.709133809464669
41.62983091,-0.988245365,2,10.874887182950063,12.805130618363487,0.0,12.938963391552234,7.078061479607205,11.294997996678207,9.65123251392452,8.975286929635532,9.450729143185747,16.38032506338874
41.6614598,-0.903159447,6,2.297620917958042,3.6052019975630643,2.4995638934862052,2.864351521882269,0.33535185416257773,1.5712527035113932,0.0,3.038373591467952,0.6324781777071996,6.375002275657899
41.64819849,-0.906471314,4,1.9883983668659047,3.5881545297647977,2.0221115381720587,3.831135809320851,0.0,2.0151087037962347,1.3028754993692824,2.0986190388255106,0.4092265438842108,7.102009716038643
41.64136123,-0.86435805,1,1.0690995687252864,0.0,6.7626220487012505,1.8635874205390792,4.351675461207605,1.2740991131504453,3.277647105717358,1.1959314409252582,2.7151360606864885,3.7679801710017946
41.6776044,-0.886494013,6,3.163257388618059,3.2352367214478264,4.568168363644724,0.9944128645491077,2.8243759119138625,1.593130260251444,0.0,4.553541956640731,2.3787963839628863,4.525210675831057
41.66908876,-0.837870223,9,4.770322639984485,2.3663602469548013,9.766741274493098,1.459971439491298,7.422176082165707,3.68327371370028,4.845480468220863,5.438496875055679,5.927450814572011,0.0
41.64887123,-0.904212548,4,1.7725599129951162,3.3417179674123836,2.2610095717541325,3.5818314484932174,0.0,1.7557663496540512,1.1463107379339368,1.9558189484707984,0.16855976930163394,6.840655534855583
41.65983095,-0.900959497,6,1.9950724965204294,3.3057791482438583,2.687461697979485,2.6838492064373836,0.5135781601999921,1.282389653842384,0.0,2.7738635041785114,0.46973879691301695,6.164680409945742
41.64732554,-0.878879057,0,0.0,0.5221791678825018,5.07967665955549,1.6361804911787223,2.689848132729392,0.08302117634011603,1.656404071895287,1.2286784767810124,0.9936658706931212,4.407849904807854
41.65272799,-0.902087373,8,1.6867273951372257,3.1667395827558624,2.4890070363961057,3.1463860368320073,0.11770417175229424,1.3901466755167318,0.6790465159045971,2.1329343599356325,0.0,6.478747851741649
41.66800615,-0.889347869,6,2.1288006084652533,2.7056487689347137,4.06771097261864,1.2193077518354463,2.0039992593512896,0.8484725436313527,0.0,3.4809572671443667,1.274121096732075,4.772486856808168
41.64708716,-0.88190524,0,0.0,0.8558301039750237,4.747036394400724,1.8460864860608561,2.357238003671654,0.14329284753691354,1.4635048237065507,1.1886192534666913,0.6664702145467011,4.701115613125612
41.65527509,-0.882915248,5,0.7638198237308235,1.3419777682599237,4.6270932357123,1.226181116358092,2.225394646959774,0.0,0.7227053565725509,2.072710803648629,0.7298800570306454,4.37688126393017
41.67209463,-0.87152659,3,2.8298259983253415,1.82724190098066,6.080447996617816,0.0,3.9805937201781343,1.148637470218459,1.1186555581030573,4.018655052420917,2.744196431764243,2.794398297875754
41.65830584,-0.928906379,2,4.701659324837499,6.210380223710388,0.0,5.733845796451009,0.819105990017045,4.3404641783236855,2.3383632514341026,4.552769008657757,2.9431770154445367,9.256223843542118
41.63869508,-0.875760302,0,0.0,0.3044349549629506,5.581109195845343,2.3627318745743153,3.0669988287518626,0.9108438221313774,2.615917804565755,0.3206869681100451,1.6052783980499459,4.779217353441514
41.67291193,-0.868708914,3,2.980941758286917,1.8470093663500755,6.402063110758604,0.0,4.301483178175941,1.3636863067610627,1.4422533783306586,4.1468362551817375,3.0477313133623136,2.491793213103216
41.64165285,-0.87090978,1,0.35181923208405347,0.0,6.03938719888956,1.9330673655864572,3.6316507798006366,0.7011510512647507,2.7207290273825557,0.7406892342977379,2.016693042379149,4.174921464557092
41.64454968,-0.884915286,0,0.0,1.2159632726573684,4.4512455144612355,2.263555069198481,2.059950285698551,0.4978026545517113,1.5137899311834402,0.8767738606809582,0.4404213606323263,5.135514764460032
41.66790825,-0.834867024,9,4.993790489729401,2.5860934926563965,10.07572602103845,1.7921497074195076,7.719546067101606,3.957886991874599,5.180372550641554,5.597798771436143,6.197024191340499,0.0
41.65215123,-0.929629215,2,4.588762490253837,6.18646134159099,0.0,5.976793092380204,0.6342163235613787,4.430160902844101,2.775288326913286,4.182301214768294,2.980891568561342,9.456599094890374
41.66074307,-0.872394529,3,1.5709432795679528,0.8110424800114321,5.8366251387506,0.0,3.475787835281428,0.10342107812753752,1.1711323814008605,2.753757085885005,2.0250678345343776,3.067311495447689
41.64576191,-0.889494364,8,0.11012611262842248,1.7025067733124142,3.927644921464371,2.484802434577752,1.535082394396652,0.5426423182221073,1.242399931482966,1.0248385346510724,0.0,5.498406182989884
41.64471506,-0.864005017,1,1.1094252984683164,0.0,6.752292872897633,1.4939459501330952,4.360962198898258,1.1013471139537463,3.033926066406281,1.4693444711956078,2.6707363324819884,3.4362271124922876
41.64541699,-0.897365265,8,0.9310305041613407,2.577713323373522,3.0734165611688877,3.1676178947882216,0.6999899038370858,1.2174243463491305,1.3874231145115314,1.1660607497518538,0.0,6.290627772043853
41.65397547,-0.880196638,5,0.709048367146015,1.007533233735431,4.924692009359969,1.113660957009908,2.5211585198048607,0.0,1.0555355444518908,1.974545099889192,0.9414583875557047,4.159278030301535
41.65555601,-0.906433887,4,2.2511596711830206,3.710185552882063,2.0165280264069367,3.4250389555025156,0.0,1.8364959755587533,0.5585408960100763,2.671852673881749,0.4276351571891444,6.859944537835858
41.65329794,-0.884192217,5,0.5045163937006506,1.322987500251896,4.478349283451061,1.4765284509709329,2.0777054214748305,0.0,0.7695503607291955,1.8468167132023312,0.5206197353081474,4.593762777640734
41.66013949,-0.898988704,6,1.8560459299834935,3.12645376070304,2.9086473507637223,2.466444072304581,0.6834450197224966,1.0858592858327303,0.0,2.7306711926890594,0.5413076498553986,5.943155928400587
41.65874897,-0.89096059,6,1.1940194507473867,2.285703621522857,3.7621037757186895,1.7471926261931472,1.4265130795266099,0.2164272876986036,0.0,2.4451408746972754,0.23635914672667804,5.105960757638441
41.62660494,-0.883817926,7,1.1602760482798107,1.6751476301778168,4.825438402681488,3.9385288631947186,2.3237642533571665,2.413325178165852,3.449757114705157,0.0,1.439923090057568,6.377778857721258
41.65445558,-0.920689083,4,3.70316394457601,5.233977707303383,0.42923204128725134,4.952284251889433,0.0,3.422683819078804,1.8550695036987268,3.6064601956129505,1.989966170412155,8.431654083608379
41.63378892,-0.888066316,7,0.38160650661512524,1.7326655096319588,4.228701137482872,3.453776983337545,1.7063909133091493,1.7261747060705663,2.5821334310719104,0.0,0.5519755209777698,6.142243040802813
41.65469933,-0.883043522,5,0.700477433174059,1.3160986641599162,4.612092480857045,1.2779276039606133,2.2072170058894987,0.0,0.7482087827530017,2.0078417493869254,0.7056809410647684,4.414602214383572
41.65000869,-0.899024616,8,1.2680775084532223,2.7802299230133007,2.826690058046944,3.0449731620573006,0.43986738273231957,1.1873726025169882,0.9347726539730754,1.6968088250192905,0.0,6.256621096973977
41.64093281,-0.871032436,1,0.3373580247025039,0.0,6.040366862648683,2.013965746752898,3.6090199684773343,0.7607450502023629,2.767923937108249,0.6660191612563688,2.0302479575709462,4.24473031118687
41.6513029,-0.878085481,5,0.4506390871887167,0.65937400085839,5.150877226663794,1.2247625181139747,2.7587181071415903,0.0,1.4153519305688875,1.671729329973556,1.0775421270016363,4.093012020160472
41.65505165,-0.882505376,5,0.7585757330032682,1.2903450241336614,4.672235168363571,1.207068923590453,2.26909497049113,0.0,0.7744256442623634,2.0520588676251226,0.7711989464992788,4.3443011501363955
41.6551684,-0.911708142,4,2.7865870505770824,4.268936577973697,1.4290150100624721,3.9837372626133005,0.0,2.4229532996451497,0.9998358400299774,3.0422625610446903,1.009978129902554,7.440134665103203
41.65521158,-0.883700806,5,0.7220445193209926,1.4084967086012463,4.5396961493682175,1.299678801227242,2.137826718070575,0.0,0.6556180686357378,2.0606810573632557,0.6427186227103513,4.460427738171659
41.65029717,-0.858724657,1,1.7924002837954167,0.0,7.302512326072342,0.8816500670450667,4.909585238426811,1.3695766586515699,3.069166391927721,2.323090081808394,3.2197079908159947,2.595871189444442
41.6498099,-0.904005817,4,1.779115219888644,3.3276241723975786,2.2750690627102625,3.504044942848109,0.0,1.6928092828885843,1.0396384903446714,2.01307373286936,0.1568139359765983,6.783608976823569
41.63730209,-0.903667737,4,1.4409090778880416,3.3744931500060953,2.4796783029612013,4.275895938982489,0.0,2.3031174671076093,2.398850620683204,0.932861581613182,0.12875138664277322,7.332082916150638
41.66056069,-0.898927921,6,1.8843343186912453,3.1429884525067022,2.925658856890617,2.443998575657013,0.7206433946151096,1.0974811217125926,0.0,2.773221406383071,0.5840821115048654,5.927909387271147
41.63549661,-0.884517645,7,0.1723934220351263,1.30776668279649,4.610607320870373,3.0855004609762595,2.1039727553471708,1.457130683256708,2.4734034336531763,0.0,0.7960113709187764,5.721705118051058
41.67042209,-0.826924164,9,5.905635149817282,3.5014624557131784,10.990830429901605,2.6837378576730284,8.64098759319818,4.883514440302482,6.062801346336079,6.460334717516499,7.122554483745104,0.0
41.63186093,-0.88521526,7,0.5834987827377067,1.5026845185283229,4.566535526999383,3.477783689617346,2.0356120608923525,1.8684163796346884,2.845940718142469,0.0,0.9342421188895942,6.056068325749591
41.61959028,-0.89727438,7,2.162777692901406,3.3425958813893546,3.55384394734104,5.334032246065632,1.2708619775153163,3.53760807140004,4.206461993751044,0.0,1.341708025209159,7.967512493874336
41.64983582,-0.910637083,4,2.4837271007113553,4.061634432257627,1.5400588048499897,4.127106441875727,0.0,2.3902981863468598,1.3431595281235884,2.523816783781726,0.8720893771408578,7.481379786640547
41.64781573,-0.905632246,4,1.8872021822681906,3.4933953046322856,2.121055162811915,3.778306015887021,0.0,1.948773329364368,1.3062207491363693,1.9988212709202386,0.3184785346692064,7.029455912356927
41.65509085,-0.905778254,4,2.163977493488281,3.626474927501332,2.0869928424002024,3.3799988524774776,0.0,1.7644830218414045,0.5779533114239696,2.58615507428624,0.3510461790888058,6.801741802756339
41.67059,-0.877266403,3,2.573628944787758,1.9758470054999686,5.428600781252327,0.0,3.3385962552298425,0.8597085861917207,0.4692101583597101,3.816666329896352,2.1590926307822578,3.42431929053239
41.649593,-0.878410986,5,0.2572517283710773,0.560076033944344,5.1172655254515185,1.39976534786685,2.725100731012645,0.0,1.508516720560074,1.4807313873114016,1.0334143397084163,4.223886693716256
41.63853542,-0.932550717,2,4.646255780928686,6.5474321722007405,0.0,6.865712007659808,0.8539091561493569,5.10280982621711,3.9519810737221666,3.4989089755547718,3.295877426610713,10.192218624466639
41.63918837,-0.874996584,0,0.0,0.23640679018529856,5.650337071819432,2.2859423779911046,3.1544005192246254,0.8475594636367908,2.629418014257013,0.35088050608367327,1.670980463579643,4.681344167966771
41.69924282,-0.972601469,2,11.031550303428775,12.38798220562612,0.0,10.644741689647844,7.310142963181692,10.340432805824758,7.720962597948236,11.205606319635999,9.178454810703691,14.384051403376526
41.64286111,-0.865730807,1,0.90118695929561,0.0,6.586961541710739,1.6968626066033594,4.1937861142981,1.058471356202917,3.0518290247502717,1.1879604634548535,2.5236806847724416,3.714890137318786
41.65183258,-0.87210502,5,0.6396922231517984,0.1375282795899871,5.815927482463243,0.8498158072672375,3.4246048219106084,0.0,1.8433902514348726,1.7744923900379144,1.7442723581724664,3.5042131586552956
41.64613499,-0.882964772,0,0.0,0.9758967570103082,4.641135884485768,1.9976166496788852,2.2487503363764603,0.2650371934528144,1.4719034100951294,1.0623736860659743,0.5892374473935809,4.857562034497486
41.64218432,-0.889448522,0,0.0,1.7480418913853133,4.0115625198956835,2.7772039178274492,1.613316141360347,0.8950703237741813,1.6385310507965871,0.6436708174773079,0.09620905628590855,5.700737331104592
41.6444071,-0.887992458,0,0.0,1.554745189279318,4.117086890933339,2.484113704553093,1.7295113369737232,0.6014411414365788,1.4181811196444623,0.9337067771896248,0.1422003279588364,5.431705860580623
41.66712954,-0.818262799,9,6.644813738220887,4.28410321704693,11.892966664770075,3.6389317686236797,9.519289120575081,5.731851735624501,7.0268865520785475,7.049915374175611,7.945539741444945,0.0
41.65753611,-0.891261766,6,1.0909042838744964,2.2384787105630823,3.7142517942601243,1.851073202185255,1.3578159233072649,0.18549367703593772,0.0,2.30986825551917,0.1139605989506025,5.173327412528041
41.65796333,-0.917333779,4,3.4777990653662614,4.9494152095698105,0.8895480117519158,4.486399564039308,0.0,3.054239484072384,1.3480910439281695,3.6852127945290656,1.6667874894078532,7.991976160531165
41.63909884,-0.88108856,0,0.0,0.8692444878591457,4.993457564206271,2.5531221975660645,2.4781885144493097,0.9962960529683516,2.2464302643602347,0.36737139569249927,1.0376076756008294,5.1706537257254155
41.64780417,-0.893184641,8,0.5784932839809089,2.1114316112743357,3.4919997989126763,2.6365422422706555,1.1027867288663196,0.6825580464526283,1.044624081519597,1.2434700861257417,0.0,5.757001581272639
41.67195767,-0.894554031,6,2.70355671043431,3.4318487736663568,3.5475572077606587,1.7430920237783465,1.7357880621032895,1.5693607133851144,0.0,3.927337304721311,1.6571435895054103,5.34852108943871
41.65837269,-0.93047139,2,4.8695426296974995,6.382144164181761,0.0,5.903415025671862,0.9493633677728095,4.514512601119446,2.492180128522601,4.68641202356782,3.1166906175168014,9.427335911893044
41.64629613,-0.864057333,1,1.1290456086931748,0.0,6.730401627500482,1.3183868520303617,4.340639391908996,1.0032304274138557,2.901416308788005,1.5968961693203279,2.643653389361948,3.2965544670502687
41.67619279,-0.870990804,3,3.2889779720554224,2.2511533610213816,6.207487158242916,0.0,4.235904724360032,1.600920562127095,1.3014426452658225,4.4774599553151635,3.0921157440030442,2.8074838217959193
41.65562874,-0.891120604,8,0.9052133095449938,2.119289525048334,3.716702724839563,1.9708439146917787,1.3237500207799966,0.1351287401881416,0.145673974477484,2.0981633123888854,0.0,5.219919852977504
41.6669622,-0.875371632,3,2.213830624611452,1.52947495213832,5.614963058476425,0.0,3.3576120595856076,0.4817651318632201,0.7128801923007492,3.423320682511011,2.061624870461062,3.233258092411873
41.67030869,-0.886652659,6,2.3532432136175228,2.6469550926964245,4.388114193884017,0.8815972834225368,2.3790510425033182,0.8595176380577274,0.0,3.7453848644634964,1.5877092617236939,4.466950796456361
41.67145361,-0.888342284,6,2.4928400867219094,2.8698949216383762,4.218485880043387,1.0537030746855587,2.2683124759379765,1.0729949241194208,0.0,3.8715929492133827,1.6693285751270428,4.656826922878922
41.6410063,-0.892033936,8,0.31374120014979445,2.0434557792165395,3.7705069859283857,3.064665310679873,1.31244602384705,1.1412404133196377,1.7693952144148775,0.47755272184670217,0.0,6.013080539022477
41.6430029,-0.891991858,8,0.2968687815055926,2.019104129970914,3.7153255886187506,2.8982793252820778,1.318496730029781,0.9456110318280664,1.5479839887689075,0.6975737006391048,0.0,5.892452226866435
41.62596371,-0.882241581,7,1.2019974127796196,1.5943733583116526,5.011625745084053,3.9368779938730833,2.5127675058916537,2.4438481557588894,3.561518777747224,0.0,1.6105585406288931,6.320383114985809
41.65897861,-0.937447372,2,5.630272231326933,7.155506016871598,0.0,6.656676406387627,1.6463712997936606,5.291925812262498,3.192579812989349,5.331002412715488,3.894393523472766,10.187036432973336
41.64005023,-0.931950564,2,4.583773643073664,6.459687816119952,0.0,6.727943052747729,0.7769708999481253,4.980159848915694,3.7919486772144584,3.5588250242588426,3.229780639338732,10.072476092470504
41.67158899,-0.894212658,6,2.652224939161007,3.376942035471611,3.577280061564356,1.705330145028036,1.7375343354138122,1.5137446354802364,0.0,3.883350985151461,1.6135235022232117,5.309247662498525
41.6522886,-0.909744166,4,2.4702434976313077,3.9951257388095667,1.6374612206219865,3.9121543530738063,0.0,2.2344323677634192,1.061928612174481,2.6670599944330986,0.7759690845135033,7.308089558039794
41.67825911,-0.854327794,3,4.169872919258078,2.299312697313252,8.070296811684214,0.0,6.000583294086457,2.7882014575619425,3.125655459106215,5.201014991804974,4.699235851395286,1.2540973021817863
41.65608798,-0.892376434,8,1.0324133637076391,2.26669098401442,3.5794007144134494,2.046527593825617,1.1961682265168132,0.28029949799325027,0.13916941484541048,2.1513324584620186,0.0,5.3375860827253865
41.66897396,-0.833696542,9,5.16465526368783,2.7565217996214204,10.22232687517052,1.9226848177573224,7.871503349224769,4.1173799908265325,5.309191582646477,5.77359796458282,6.35854826823151,0.0
41.65624544,-0.894287266,8,1.18139915363067,2.465067431273934,3.3683225208654246,2.2090000250095256,0.9946972779068498,0.4913424801344123,0.1447425529474411,2.189178195219511,0.0,5.53599816199414
41.65240226,-0.908472616,4,2.3410080624990055,3.8575656695384235,1.7789067096104414,3.780358005867984,0.0,2.0930145302112386,0.9746432315938205,2.5695494768621696,0.6342910132648802,7.168744988410373
41.63875025,-0.879051994,0,0.0,0.6684111900556512,5.217984993612168,2.491205266922954,2.7018739243671064,0.9858299807310643,2.3950736691531938,0.2787158493716753,1.2599332454385572,5.031306693476538
41.64688413,-0.882578197,0,0.0,0.9300874019714123,4.67478277017358,1.9042715834589412,2.2849098159216905,0.17370352440712644,1.431987979313345,1.1514194631450305,0.5997309303848551,4.776134390627094
41.64302276,-0.909691282,4,2.1715825146619956,3.9650150727224323,1.8625033289104755,4.456614267235855,0.0,2.5759109771381317,1.9768534171679986,1.8455023327739248,0.8658383613898853,7.64708179617522
41.63338732,-0.892541968,7,0.5489273090471454,2.2275994296007315,3.7381071075308543,3.7656678476261094,1.2103307436957484,1.9218559104281971,2.6177526822709116,0.0,0.3382117894971973,6.55257446502914
41.6349729,-0.881689992,7,0.2224607850173672,1.0140024995576749,4.926980643167852,2.9967989568376017,2.41785570209659,1.4541115435722756,2.6323315625746724,0.0,1.1052520175597316,5.534495716901423
41.65524492,-0.900026755,8,1.6016651538324758,3.0179642893340635,2.726271554181338,2.8052369944724496,0.35246272502816023,1.1252070745204386,0.3859803943596543,2.2653745787518766,0.0,6.17978179531389
41.65435656,-0.881554715,5,0.7243788449941605,1.1633068578689123,4.7759356431143125,1.1847302129839643,2.3710856050815905,0.0,0.9050821640903325,1.9890954644943943,0.8344394393812411,4.278238368537413
41.64035831,-0.894258605,8,0.45542985139140457,2.296885644430282,3.5439602418630836,3.2850574280063807,1.0550044494731348,1.3298051667201234,1.8770341417627012,0.5082022741440217,0.0,6.2605140945278475
41.65199179,-0.886861147,5,0.33039895503087285,1.5192279133876259,4.177001235650472,1.796467442585057,1.7881344900339293,0.0,0.6915081523326897,1.7239382020702676,0.19054315812411618,4.923733518430476
41.63137727,-0.88555677,7,0.6435446373835714,1.5599010836898555,4.536069376212083,3.5429560171352876,2.0046664230980378,1.9281761502599526,2.8906827798573023,0.0,0.9338132884791958,6.120844320180812
41.62274122,-0.929985843,2,4.689832892522961,6.549214355597657,0.0,7.5814149090937315,0.6646585461285371,5.626386320805317,5.041158238322819,2.4589396870104876,3.16772996476983,10.673735291842666
41.62886934,-0.883968407,7,0.9081755386449455,1.5412293544668543,4.75628935563414,3.7173676276727687,2.232383488689136,2.169352747724164,3.2009783211251577,0.0,1.2476984408640328,6.200192945670188
41.64658123,-0.896562376,8,0.8887139975377661,2.4839786075542167,3.137667014884184,3.019876265367424,0.7471803350984209,1.0772556797842654,1.2376851166432876,1.231393604570429,0.0,6.154315396588346
41.65153432,-0.874095638,5,0.531433164338514,0.2775695132163782,5.5943668821477734,0.9732342795868206,3.202520936022866,0.0,1.712999701613446,1.720612924047882,1.5207752335471825,3.7048038540323307
41.63238373,-0.888081013,7,0.5346001752115355,1.7777408937779906,4.243362666864028,3.5856910638526336,1.7128742592646273,1.8801783541920518,2.737128633531072,0.0,0.6471583044362941,6.247328442111353
41.64003767,-0.870295203,1,0.4202467557448082,0.0,6.139940376614364,2.091248854509351,3.681830063177934,0.8883814896580754,2.8963748438934602,0.6268880049051696,2.1382957542745222,4.270034916744929
41.64810528,-0.861605448,1,1.4338696692018733,0.0,6.989675380063633,1.1318865316697744,4.598792797059563,1.1305042458981083,2.958959737769201,1.926891698084251,2.905850206640694,2.9747684577966154
41.64557962,-0.875585126,0,0.0,0.17918363052480335,5.4627614970010505,1.6405968435783562,3.070854499960166,0.17773219162490783,2.04512163504327,1.060067706008775,1.38837954739069,4.236543390013478
41.64826284,-0.916432041,4,3.063732676870859,4.694359706864313,0.9430492625566148,4.777177553993609,0.0,3.057473541734907,1.890926924680242,2.780985105033651,1.5159959621565753,8.1480265727796
41.64397643,-0.894849956,8,0.6267215502816507,2.3150981015153955,3.381164926692222,3.0496952936694215,0.9877394795390438,1.0750460840695368,1.4852112329115772,0.8875387789087081,0.0,6.115083216711371
41.64645537,-0.88582539,0,0.0,1.291454150309256,4.32131054847549,2.154927526393,1.928945438538853,0.297221929189062,1.2791436297656391,1.098385059462548,0.3047338322764174,5.107556224258235
41.6628071,-0.860903423,3,2.3480782792619657,0.6132051299331561,7.132024739489994,0.0,4.771939969887779,1.066854163318279,2.344516414948966,3.3375286100344517,3.2981035281650457,1.8025760235551447
41.64757357,-0.882402023,0,0.0,0.9144137704055364,4.687296302025838,1.8291616007078266,2.2974502691845435,0.09482607445362656,1.3864154850788255,1.2302697841402122,0.60209866153282,4.718480299643839
41.62861944,-0.877416295,7,0.864506532464379,1.0238259380978978,5.477302419570792,3.489634940736705,2.948341529991359,2.0453184675796114,3.4701243481867,0.0,1.865152073072003,5.758328757956151
41.64806628,-0.863414992,1,1.2338953717916537,0.0,6.7890561631872615,1.1319133118361477,4.398465154579084,0.9526155522735233,2.812184168859354,1.7955723289172658,2.7048616250014907,3.0964620954687447
41.67575589,-0.887162644,6,2.960168435676721,3.1397292279987905,4.441771537051352,0.9961138134618682,2.639260959900072,1.4239133180117571,0.0,4.353104137604604,2.162918852520506,4.565882110734951
41.64617565,-0.863773257,1,1.1575604270694868,0.0,6.762930641011659,1.3347576163595525,4.373123633778579,1.037390447180327,2.9327490712310396,1.6069029281901865,2.676301436928507,3.2887664867560917
41.63690041,-0.875441948,0,0.0,0.2880028142332824,5.615760510403813,2.544119640793733,3.10086075968122,1.104758772347802,2.794150826242548,0.12725903437567643,1.7096888597465176,4.903727183636509
41.64503325,-0.880222515,0,0.0,0.6948233449413627,4.9588924064736295,1.9311284376017321,2.565706567899218,0.3357985470478465,1.7582611803680859,0.9887056105186045,0.9172141217607452,4.67817639795153
41.65323803,-0.881812721,5,0.5993116744935405,1.1063577405700853,4.742455204225253,1.29684847497806,2.342177320539844,0.0,0.9568117499943247,1.8618729665998073,0.7444572922538223,4.3566181393652545
41.64892346,-0.91578632,4,3.013379924590346,4.625799752553631,0.9908864644390541,4.679892407328301,0.0,2.969241376209457,1.7883461338291524,2.785177884606528,1.4466185524147663,8.057770685300556
41.64560154,-0.882437598,0,0.0,0.9242466385529986,4.706586323759391,2.018567042537037,2.3135177320174147,0.31334010324854633,1.554298228643966,1.0145497755328747,0.6681665950605502,4.841922602180085
41.62547619,-0.933223539,2,4.930097271954008,6.8322989787728075,0.0,7.712917610940599,1.1045239640592168,5.77609190030367,5.018365851988137,2.8795306685926403,3.42482426950574,10.845515392655866
41.64858345,-0.869999106,1,0.5399526069990683,0.0,6.055587355236478,1.1576045447968004,3.6646873506438618,0.31275617199972044,2.267767563446521,1.4823995550463251,1.9726576891189487,3.549957660374181
41.66767545,-0.910061893,6,3.329686390859195,4.609243756069707,1.770689159296889,3.496825255913425,0.4323882886273344,2.556852298386601,0.0,4.0106143745735485,1.5722126762091828,7.073408058083369
41.62595941,-0.876702375,7,1.1479224966187664,1.2446054266158952,5.612947230465831,3.7582093103151784,3.0968860853221116,2.3282771211367734,3.771709101222658,0.0,2.0848953846884855,5.952776787554199
41.65294774,-0.875022067,5,0.6716983793046378,0.4473966565466574,5.495163769175739,0.8790518723705671,3.097287977964605,0.0,1.5292166876753877,1.8773945838788237,1.4453073230095346,3.7071061836061245
41.64053886,-0.876557793,0,0.0,0.342071587447262,5.447636696057535,2.198638158750728,2.993911378043997,0.7307802017995273,2.4022088904483034,0.48967182808976417,1.4675220128558484,4.694114602063838
41.65027251,-0.882473505,5,0.27475594863706926,0.9957132449871939,4.6640887031502265,1.590811960176515,2.271227621677422,0.0,1.1539930166905863,1.5251877103888807,0.581393061872381,4.572884948701911
41.65531646,-0.904657688,4,2.0598085231938956,3.512844318291346,2.2123278062024982,3.256708158205912,0.0,1.6394001995964855,0.5039496425176676,2.531813537473713,0.22849335651079447,6.674899892525779
41.65337987,-0.926053832,2,4.238980927865975,5.806730147535921,0.0,5.556970367637947,0.24004859091119773,4.0239177547310945,2.3833392911218154,3.952050223522477,2.5813419616010154,9.039568741812174
41.65936144,-0.943174466,2,6.250666037530024,7.788819541431456,0.0,7.2766749278082195,2.254373606919154,5.929608884389073,3.7933712844405685,5.877368027295141,4.531584495760827,10.814086110823773
41.65224844,-0.903228394,4,1.7906285085194316,3.2806323751779543,2.360807868997767,3.2820118601649355,0.0,1.5259078578417717,0.7555870318620801,2.1630509043309796,0.05784321618440151,6.615675483651059
41.62921834,-0.884212795,7,0.8686417062095215,1.5444402838857356,4.722329203679507,3.694523054041585,2.196622767832231,2.1365677269987393,3.1569655654537656,0.0,1.2015704337658835,6.189917468286316
41.63187697,-0.884677401,7,0.5745390651918452,1.447786857361479,4.625600775322913,3.4491700324979946,2.094827741051986,1.8571127846851498,2.8576427045301283,0.0,0.984074465629862,6.0124493832187245
41.66265658,-0.873153121,3,1.7660841993891856,1.0119169867039586,5.782431996727763,0.0,3.447931111634405,0.16036987863004137,1.0129698993628609,2.959850967050439,2.028770566109224,3.082367210787919
41.65370109,-0.903119755,4,1.832196986175549,3.302414205434153,2.379821230173121,3.1886312192619033,0.0,1.4830242175881374,0.5969464259159875,2.286778329801652,0.050113169460703835,6.557288869994077
41.64013258,-0.871673883,1,0.27296354948967094,0.0,5.9877655720898915,2.1098978767153556,3.5299083755511353,0.8074170622336299,2.7844957620119057,0.5525183574222633,1.9900290925052233,4.358653794728171
41.63762338,-0.87871199,0,0.0,0.6350213929162769,5.252763059655687,2.5894241340689295,2.7365783037741505,1.1078244789903724,2.521062831821817,0.15050334382329048,1.3470318889807666,5.092331347639882
41.63235314,-0.88532797,7,0.5321894562631434,1.4923273365989416,4.547495699158364,3.435131401198565,2.0178162792084366,1.81689894555725,2.7898373604067292,0.0,0.8949232581216314,6.02671877950137
41.65084022,-0.88737963,5,0.23100815935091537,1.5304952762520865,4.118205634749479,1.9228033840124574,1.7254291909517,0.0,0.7664130434803897,1.6087559208726157,0.09570416897597435,5.029634720363111
41.64734322,-0.873602308,1,0.1255920993834354,0.0,5.664074022738537,1.3753792910984497,3.274590693957115,0.05343025667839926,2.078057542969977,1.258852993185711,1.5771118991510358,3.9417994508362857
41.64509892,-0.859860156,1,1.570868134575844,0.0,7.206420621808955,1.4645446585845945,4.816575979439159,1.4614286871564552,3.3259146035627976,1.8443093390885827,3.121300308140883,3.140462594509381
41.63941165,-0.880981775,0,0.0,0.8491423485077988,4.999641415775257,2.516724296213758,2.492607495318762,0.959570084114543,2.2216837027664065,0.4023233860604348,1.033898668135857,5.13864281410043
41.66683835,-0.831324999,9,5.2916894210954615,2.894414927693028,10.448859392970103,2.1915560897720123,8.083022927731001,4.306108441419098,5.577523936324887,5.8300970412458755,6.5361176149695455,0.0
41.66169312,-0.858069017,3,2.4752525202252564,0.4188094880431846,7.430090519622354,0.0,5.057180606494665,1.2933018978193926,2.673654295089163,3.3851425488478992,3.5378355987540835,1.5984244926346938
41.62999387,-0.883209891,7,0.7920394820877131,1.404893889548422,4.817093771947284,3.5682487919255137,2.2872109255435085,2.031789340829829,3.1012477292386524,0.0,1.23510492469462,6.051075736695931
41.64898851,-0.88580986,0,0.0,1.3116387539874992,4.298756096754519,1.94441260608431,1.9101850190331187,0.03774718988794211,1.0322345820574668,1.3772016955888005,0.21960668519541054,4.96665064677247
41.64730978,-0.880786272,0,0.0,0.73304941979262,4.8686557447821155,1.7598896186387474,2.4787700047270094,0.09640816918429403,1.531781553721276,1.2373012194701547,0.7839994615274393,4.583673931487777
41.63944591,-0.874351908,0,0.0,0.17159957562809344,5.71347543882641,2.2397360340050056,3.2276216940644433,0.8178371457090807,2.656606692841087,0.3775098309753097,1.7331912096380861,4.611885343014733
41.63790008,-0.903527201,4,1.4219004998421398,3.351151496653022,2.4968843337785356,4.22124190892951,0.0,2.2499760890976375,2.330924459243047,0.9801998996938004,0.1039636828994956,7.285613647038176
41.64324801,-0.919540736,4,3.248163540690277,5.052527387033445,0.7757616043875171,5.350059031200053,0.0,3.566521124702472,2.530989153506333,2.7003008971058855,1.90356416751622,8.654772935806944
41.627402,-0.929955106,2,4.521789749363656,6.435835615350506,0.0,7.291540380273785,0.7145027747736816,5.3546776829289495,4.622895430886138,2.6053526141559575,3.0246150883060356,10.424711265932642
41.66163092,-0.897539774,6,1.8711794911481652,3.0712157354768714,3.1041630761059698,2.2595652019662107,0.9141867691221758,1.0118907395622874,0.0,2.8463392128674134,0.5910622388723541,5.755456101774897
41.66006461,-0.859191203,3,2.2613446805383273,0.25610534169628224,7.28856500224306,0.0,4.905338916913663,1.119750055458166,2.5860603511180527,3.1655668779447104,3.357825270013298,1.807284113725057
41.67359929,-0.904247486,6,3.3779062104407376,4.42332766326158,2.554316527036785,2.8268865906395755,1.265782725572588,2.4242348664111266,0.0,4.334433562058986,1.9859892681469618,6.433160559347782
41.6583755,-0.865874512,3,1.6200277857810028,0.22646292840886167,6.533909006096092,0.0,4.144313799698107,0.3538141565331874,1.938997504105483,2.662247817697897,2.5959472525781764,2.5253008254657434
41.64460086,-0.891811849,8,0.3171817542293015,1.9713629566692001,3.6961629865804966,2.7562910757871775,1.3148387237374601,0.788859573419745,1.369352905656057,0.873448886366724,0.0,5.78604971527143
41.64428346,-0.861536579,1,1.3745779763876254,0.0,7.030099408753356,1.55485724745704,4.638431989610231,1.3570924988260284,3.256346778383315,1.641251785452986,2.9491229217088306,3.320943088854618
41.66305478,-0.858772469,3,2.526005510387516,0.5714473271035125,7.370368295618413,0.0,5.00924635775736,1.2848195971550664,2.576690405255722,3.4741406410634554,3.5245361843343934,1.5813183171198957
41.65088772,-0.905877653,4,2.013462940930136,3.547916053597492,2.062890954932633,3.6118167818563847,0.0,1.8496859248076987,1.0062430125044195,2.244541209186672,0.34069927251707244,6.942122146565505
41.65299577,-0.877999129,5,0.6375659315850543,0.7403349096088453,5.164852641435738,1.060839619303486,2.7664909947209457,0.0,1.3082551472778743,1.8600595981112782,1.1268607634542578,3.9914776631488285
41.66272223,-0.865828864,3,2.0335935319872367,0.7024444383275976,6.588422762391951,0.0,4.236307114223748,0.6407237430360458,1.804256524168868,3.1186649427853115,2.7853676149695725,2.30695543910177
41.65014031,-0.883319492,5,0.21660355478006452,1.0778944039122833,4.570414816904429,1.662649020575316,2.177685743145617,0.0,1.111717910280728,1.500415040160682,0.48695042501672237,4.66237800749127
41.65170409,-0.873011089,5,0.5910575845938991,0.1876056137452158,5.715069586667314,0.9032541822856867,3.323517911565375,0.0,1.7866240462574399,1.7474300613170497,1.6426287874960581,3.5947174102963473
41.66632132,-0.830787452,9,5.321834746863622,2.929461374975471,10.500733099034562,2.2561617585119125,8.131722265973348,4.3509477430949834,5.639857297394232,5.843649590130947,6.577349559675962,0.0
41.6421599,-0.894726873,8,0.5864891344646956,2.3333311641852257,3.446907793623298,3.1772668161627653,1.0414032232312218,1.2053077366752962,1.6843638577125355,0.7029302614975731,0.0,6.201869729472368
41.63126902,-0.885586601,7,0.6560032030462399,1.5681487967957743,4.534479099007085,3.5551578487590385,2.0030945908948534,1.9406143012301287,2.9018194428207265,0.0,0.9384502798699932,6.131671682535266
41.63611738,-0.878876071,7,0.048193271502264955,0.6793631944283821,5.235216838274776,2.7505471485287143,2.723265917995641,1.2759287348292996,2.6554426976937666,0.0,1.3651276757070214,5.225068794573141
41.64324176,-0.895070684,8,0.6356373243253519,2.3517779144316875,3.377407850132906,3.1224846230884977,0.9777567257659527,1.147219722957715,1.5692652593883176,0.8260733384652137,0.0,6.175803270869508
41.65008686,-0.913308716,4,2.776544522741587,4.359773545719869,1.2419075178730201,4.3759087792423585,0.0,2.67103054668426,1.5029524439786366,2.711358961312355,1.1662074902000923,7.756804506229147
41.63555275,-0.878460843,7,0.09416202946542356,0.6523968837765496,5.282964344281409,2.7916225447562595,2.773734681057883,1.3232732846169593,2.7328114725976786,0.0,1.424889713077846,5.239254451344455
41.63200072,-0.886076235,7,0.5924980683516573,1.5841286128785954,4.469676393404043,3.5090958718840763,1.9388237721726296,1.8723957732927896,2.8116635964194265,0.0,0.8463304030432596,6.113689371595074
41.63490542,-0.881556783,7,0.22138968988376753,1.001905104519828,4.942123233233499,2.9973784957759415,2.432277556820128,1.4574509946364267,2.644925898755642,0.0,1.1218029107754686,5.529345817071872
41.66117242,-0.927737843,2,4.6869183727257,6.15812843423648,0.0,5.5517825308180315,0.821315621946293,4.2370551105608385,2.0926912736937373,4.685973680568193,2.872785517857505,9.087174960934968
41.65967024,-0.870850805,3,1.5021263032652483,0.6022437473863318,5.9943733324682675,0.0,3.6196459037820943,0.030460996233015562,1.378071681993773,2.6564206606632936,2.148900948699994,2.9517783544900316
41.66321732,-0.886693204,6,1.5660617981807619,2.160072872245552,4.316588853379541,1.0793945683844097,2.0356133074076985,0.2997004479994286,0.0,2.960133487428268,0.8615811769600112,4.537785222856001
41.67232114,-0.861721163,3,3.1910798630282473,1.6429331801622238,7.166397289193456,0.0,4.987018791687878,1.762192224544451,2.2043434011775767,4.275571422767277,3.653110987904912,1.7134237687683365
41.67371742,-0.87843244,3,2.85791910636679,2.3333267375934037,5.345323050370303,0.0,3.367510893157815,1.1770992969260106,0.48186250477994236,4.161005256327633,2.342674241211524,3.5752905935110237
41.63962352,-0.870390613,1,0.4034356219085193,0.0,6.1389187501939,2.138400970306978,3.66813646817272,0.9222818125535432,2.922460331891464,0.58207689984268,2.1433313278561914,4.312747662838776
41.65847122,-0.93095619,2,4.924214622401643,6.437111895629239,0.0,5.954459483152965,0.9978431858223042,4.568813620821142,2.536860250652362,4.734043046858813,3.1714786671119675,9.479173510062619
41.65083874,-0.874007332,5,0.4601317376117569,0.24608755540233596,5.603995312570373,1.0401425744974562,3.211231381951245,0.0,1.7756947132659784,1.6437250148519806,1.5240882709582297,3.7405251109631728
41.64490349,-0.865855822,1,0.9099435431228231,0.0,6.545586179591632,1.470939727229827,4.154275979201588,0.9166265856241073,2.8798854468968114,1.3516955846444818,2.464340284091302,3.540361087949824
41.64775619,-0.866005829,1,0.9440246029551727,0.0,6.503406456306966,1.1560721213879577,4.113983602391566,0.7371193139633688,2.635615468924008,1.6073640297973217,2.4178084830669455,3.3055512365113815
41.64662839,-0.882345827,0,0.0,0.9044596538248377,4.703369120292246,1.9149415144602855,2.312569721242677,0.1988682892804328,1.4703269459047594,1.1283060462900072,0.6328348009532376,4.769981781665794
41.67051153,-0.840661706,9,4.59886623397922,2.219189192889159,9.48437595617735,1.172134760738183,7.16012209565093,3.4567670050910686,4.5363833453983755,5.3344392354757195,5.700036285550407,0.0
41.66214358,-0.879971398,5,1.5933426041342609,1.4846735322581157,5.025663203062087,0.6229869845982622,2.704360476763292,0.0,0.41185399529897126,2.8714670787362566,1.334647162707559,3.8299997612298555
41.67325096,-0.87217269,3,2.9475751228584315,1.9717291175839176,6.02529631587104,0.0,3.976955336775516,1.251134286670328,1.0750007817871343,4.141413331121585,2.772478807361555,2.878393541100635
41.63801063,-0.89478148,8,0.45045963147848245,2.3856234571004267,3.4684956897644263,3.516313266508494,0.9522253210290064,1.5804422518830223,2.1441288241794165,0.38816514758792425,0.0,6.450668798063995
41.65024512,-0.92783803,2,4.332141863524115,5.971123017908631,0.0,5.854591190846529,0.46862193165245913,4.256208045427963,2.7662119459812935,3.8978586452990633,2.77947275730447,9.310280285837964
41.64588437,-0.862330235,1,1.3109499850473028,0.0,6.925375713457166,1.3860272191373457,4.535513694445323,1.186140331271583,3.067563961721901,1.6925585421764697,2.8389991816482123,3.2246135046852795
41.69433788,-0.867932197,3,5.333277615505484,4.183807310373345,7.175586002816865,0.0,5.599504644753934,3.632814863533855,2.38074829434754,6.517801090142382,4.899094480754459,3.5922977764368356
41.62116509,-0.921593131,4,3.9198349921464577,5.704408713236746,0.858730225945764,6.955011321932582,0.0,4.980614703182861,4.733614197342986,1.510163426966659,2.3826074177275003,9.968152586832344
41.65271398,-0.907874817,4,2.2910463800517027,3.7978541880377574,1.8462117947750014,3.7054493568550084,0.0,2.0218317448580443,0.9125855115837297,2.545078728023797,0.5641553321686508,7.095367484237403
41.64574913,-0.880669117,0,0.0,0.7275569286943532,4.899502231229569,1.8927932646810484,2.5068750248643075,0.25862416985856473,1.6658928340943575,1.0732795016442578,0.8410424354912457,4.671414671352115
41.67655913,-0.866418187,3,3.439521790935133,2.2359112490920565,6.714534663079745,0.0,4.7143646335347364,1.8420839601417995,1.7962348965987784,4.59095627015153,3.497502228058807,2.32926171650346
41.66943363,-0.877351875,3,2.4449418110935768,1.8812661311995278,5.408198986787693,0.0,3.2696271162281194,0.7322424842593103,0.4620425872774426,3.6879010035611066,2.061829564431143,3.434497350118054
41.65031537,-0.878511307,5,0.33470652969738063,0.6166757431425506,5.104180240013106,1.343257548122579,2.711265512018654,0.0,1.4466698614397429,1.5608032146777882,1.0215225853267713,4.190445335560153
41.66103053,-0.862791426,3,2.062467196541828,0.5516498061713976,6.900524573380979,0.0,4.5277111377984065,0.7851137034852773,2.1721124372694707,3.0685523397418137,3.025101525522898,2.0806864524705784
41.66610719,-0.872626994,3,2.1538809613011853,1.2719919350004882,5.9118161818302655,0.0,3.6127447047696264,0.49133840312305993,1.0267813087466062,3.346059419667072,2.2590639159848935,2.9434445645106293
41.62744143,-0.885796291,7,1.0785568915728816,1.7977389621899011,4.591408713821535,3.9472778894597305,2.0853671510335965,2.3632934845164155,3.3159475355626267,0.0,1.2305487231720897,6.45433625035362
41.63834872,-0.879591994,0,0.0,0.7277002146295508,5.156595338159578,2.557552467961737,2.6401432847776154,1.0376231603604122,2.4012773295422476,0.2521935856770541,1.2235888150373497,5.1054764007399305
41.6551448,-0.88881612,5,0.7308582702131445,1.8687215016092216,3.97128623704821,1.792065225610279,1.5709338194715836,0.0,0.28576743668834603,2.064920933647791,0.1235946096002439,4.994804261599361
41.67285612,-0.902020845,6,3.168669656491632,4.171803245630775,2.764173046025895,2.575180492837715,1.3416104988721482,2.1984132586840563,0.0,4.18037766598731,1.8921695873479694,6.181678503924277
41.63225416,-0.859554493,1,1.593629355476146,0.0,7.400315960486431,2.8882687683504455,4.877704416583688,2.3219611377851708,4.354777229398964,1.3384060775118283,3.541047872453015,4.35006800983709
41.64523424,-0.892879284,8,0.4547580557644599,2.0819972256893187,3.5664380151214945,2.7933971581667634,1.1810439652016396,0.8181320867276226,1.315676943621475,0.9561745969581392,0.0,5.856021666026822
41.64941929,-0.906587859,4,2.0415428364273827,3.6094452938620587,1.9923141577228152,3.7658991900516434,0.0,1.9759557469458495,1.1872926507024928,2.1934320136129,0.43591125104373013,7.068759492170165
41.6509848,-0.88764533,5,0.2607782769646337,1.5634398856329392,4.0886164856898715,1.93486304292699,1.6960510418157486,0.0,0.7382888087397455,1.630805016019789,0.08382557697667399,5.049539134356959
41.65079238,-0.898716572,8,1.264024494194508,2.7589049831767114,2.858632520208485,2.9638424415020266,0.4657590269757065,1.114199945299886,0.8429358051710957,1.7569576158536342,0.0,6.193862984348452
41.64836042,-0.884783809,0,0.0,1.1876678386970827,4.416803872856479,1.9186321651233234,2.027853226991517,0.08557428645184886,1.1532752782980837,1.298909337406468,0.33032667705129687,4.90070513091331
41.65454093,-0.878038435,5,0.8035282046497895,0.8236595887637348,5.167169665391609,0.9159221611019217,2.762221623527599,0.0,1.1704576529032467,2.0314543275914505,1.184323660270141,3.9161909090168456
41.65990696,-0.869910424,3,1.5640468900267004,0.540570538691141,6.100921123473427,0.0,3.727178033822448,0.12592863453746012,1.4602455788076873,2.7005605125178733,2.2565544763335477,2.845459271852498
41.64459943,-0.896143604,8,0.7790215091017189,2.449670218339286,3.2254306670219353,3.114927217852989,0.8375061439370072,1.1500116596254069,1.4406039310477063,1.0163458985665035,0.0,6.2098834984656595
41.62643795,-0.934157304,2,5.00039776136116,6.914307489162192,0.0,7.737986776575969,1.1888008937532806,5.815988276414196,5.005641355576932,3.0091949542428678,3.503422649577333,10.889744406958803
41.65274508,-0.907742555,4,2.278629073975788,3.783980721072655,1.8610222162510976,3.6908005123435523,0.0,2.0067754505850943,0.9028875551915814,2.5369816641148564,0.5491934447970857,7.080286943672469
41.64115965,-0.888458792,0,0.0,1.646537292721295,4.1470001881353005,2.798763599786833,1.7004957694736624,0.9485732968459011,1.7642486712414012,0.5880549100351681,0.2491176965824275,5.6728195207766
41.6451743,-0.860608833,1,1.4899993863505638,0.0,7.122816632584841,1.45318298525059,4.732970535361398,1.3876136835825292,3.2595287377158972,1.783486138938728,3.0377069374750247,3.180580437078428
41.63471601,-0.880400155,7,0.2169779229031882,0.8866372692811274,5.0715284290627105,2.960826493469976,2.5598143937310534,1.4504668411233488,2.7160579935018507,0.0,1.2487653734760837,5.4546293681366205
41.6328883,-0.875699992,7,0.37012577611561814,0.536440720463608,5.6062811442453455,2.983011004612187,3.0823848442375184,1.551369505620061,3.144583519446375,0.0,1.8090975068776285,5.265664138084775
41.63146597,-0.886079196,7,0.6489908753262267,1.6082328750315598,4.477215537097611,3.5614234286916178,1.9458133956004418,1.930394793112656,2.87003372666436,0.0,0.881874199485056,6.155296723872776
41.6368947,-0.87788494,0,0.0,0.5558667038275256,5.344320880696326,2.6294791712113654,2.8295256108552467,1.1614865749869359,2.638622478923059,0.08925436325703053,1.457515022035654,5.08662071855797
41.63006196,-0.887058934,7,0.8104432683858033,1.7747597405872246,4.3943538050628534,3.750475544387059,1.8672672577251899,2.107702588083418,3.0069864180668078,0.0,0.9141224411946777,6.342277076639065
41.67152495,-0.877241423,3,2.671514509248265,2.057881481613037,5.442398457647794,0.0,3.3926874284670863,0.9632737216294163,0.4820656024021316,3.9205759597626497,2.2367620880107366,3.424516755493605
41.63294772,-0.877535283,7,0.3834302966124543,0.6949419388158004,5.402522832576064,3.0310821426830086,2.8783583917223914,1.5747474868568945,3.0355059552862067,0.0,1.6182706460883094,5.388841399449222
41.65057575,-0.90595237,4,2.0108134262717097,3.5519009552559826,2.055218145451908,3.6371680584259116,0.0,1.86767739933529,1.0406827820214821,2.226417661976271,0.34746862758630476,6.960785965677132
41.64966471,-0.907709271,4,2.1682156827290298,3.7358733198121734,1.865800277053915,3.856379444805834,0.0,2.0845288176318655,1.2172031257152072,2.307236948263249,0.5524595759844255,7.177952873551676
41.63405392,-0.9024752,8,1.3857720944063279,3.3048689565397917,2.633349135312103,4.422727185800976,0.10701441125374528,2.451057986757519,2.7446588073567892,0.568010785361231,0.0,7.406685881919701
41.66590441,-0.874676647,3,2.1106049275332666,1.3899388819337237,5.6847145494310185,0.0,3.3896657193793174,0.39768204268079727,0.798013656553807,3.312343087386267,2.0561604786440184,3.171967422304955
41.6603391,-0.897779758,6,1.7789323062943139,3.019804272894362,3.044607192946071,2.333058717388794,0.8009746266049401,0.9711613352290357,0.0,2.713920409378605,0.4817791534544868,5.807054019173761
41.63250705,-0.878456964,7,0.4324158918731167,0.8079246144403363,5.304936492608203,3.1094883350123523,2.7782884374994494,1.6466004914291432,3.031095790852235,0.0,1.5467616935731645,5.49226574431123
41.6446677,-0.894370321,8,0.5880063711561913,2.2529048118705024,3.4162042581680816,2.958965915147468,1.0336590048915661,0.985180575868167,1.403232133426079,0.9378585010869409,0.0,6.031800077861135
41.65437612,-0.877956064,5,0.7886141854791603,0.8060885567183277,5.17539439820368,0.9262265413100047,2.770852422215709,0.0,1.1903330983495553,2.0134997007392363,1.1850662313821743,3.9161651278700536
41.65462083,-0.855671307,1,2.2672972853975324,0.0,7.650462944264029,0.49944660212717673,5.246956096808837,1.512490472482857,3.1455474130311982,2.90607324386913,3.595039079086431,2.0091956717011796
41.62032736,-0.917057472,4,3.539154450462973,5.262063229867853,1.355339318095794,6.647267315782588,0.0,4.673740446647894,4.613126222770935,0.9977750133705374,1.9937899831477843,9.60339152193415
41.64041053,-0.888622303,0,0.0,1.6755407740946602,4.152450745475883,2.8766576240205346,1.665183447791651,1.0326068729717377,1.8442939113850803,0.5029058877811853,0.21539612875483438,5.735368040418062
41.64564597,-0.881448056,0,0.0,0.814823461754132,4.8150170628054125,1.9530958641724778,2.4221147187336354,0.2944984846585725,1.6179918617966533,1.0406340518898656,0.7651378467050493,4.748693239924579
41.65251906,-0.902764001,8,1.750366395225622,3.2356893282246033,2.4133265803427935,3.222323831857448,0.05972110748916157,1.4686500822778008,0.7148731546895015,2.1565888206413146,0.0,6.5574304162281
41.64766062,-0.863767505,1,1.1896269601494731,0.0,6.752312217580754,1.1709360613995112,4.362734344911765,0.9423021772976384,2.8151974693027197,1.7359976109607407,2.6667191780227393,3.1560671852214544
41.62459326,-0.876529255,7,1.2957169333236254,1.3781372822519031,5.664209525980519,3.902602376312912,3.1615991834885,2.477544437365981,3.918163253270349,0.0,2.188525473976762,6.0680441638413365
41.66585717,-0.889820616,6,1.9050890785881829,2.611815250052939,4.008185334237883,1.3107543332561555,1.8766689844777384,0.739043733036023,0.0,3.239399499196714,1.0308894931594488,4.842753801329749
41.6443304,-0.8718436,1,0.24231182775144577,0.0,5.892091971007491,1.6508042365511164,3.4990675149043837,0.407800503309458,2.442095627751896,0.9686336515845044,1.8251937388707355,4.025852966362817
41.65454624,-0.881252592,5,0.7554852442620024,1.1402746392088552,4.810590162369722,1.146486397110365,2.4053202244011405,0.0,0.9222885197404043,2.015409753526266,0.8740259096948498,4.238977844557776
41.62752891,-0.915272155,4,2.975822251382132,4.834425289568707,1.5130478355689043,5.9616240156238955,0.0,3.9884401544492927,3.798568755417249,1.2709348607731794,1.4512706357644474,8.996021947059823
41.64111128,-0.865500084,1,0.9500195546577761,0.0,6.641953156763636,1.8902989039607654,4.22272660609042,1.1842840737449651,3.211191377553299,1.077238327495471,2.602408381549262,3.86124068880634
41.62928755,-0.890030346,7,0.8818010016054488,2.1084856320529357,4.087149734756751,3.9922147426755994,1.573394751965826,2.2611033786292865,3.0663750589863663,0.0,0.8309798316200467,6.6398260179512185
41.64213418,-0.86836267,1,0.6160893543370823,0.0,6.309678282796214,1.8133681201203156,3.9173898083362273,0.8617585277583294,2.894651461054628,0.9390892421795266,2.2647823298173844,3.954193269784117
41.66400657,-0.900055551,6,2.252453580277839,3.449469156059379,2.878344777831212,2.466408156559904,0.7341586034310302,1.3833034513812403,0.0,3.176050330931421,0.9428760067592404,5.9954504711172785
41.63804838,-0.880295912,0,0.0,0.8065923191943508,5.077583540671298,2.621642503412675,2.5610907114580748,1.0848737162540747,2.391105916441837,0.2659060351330887,1.1693365150148485,5.185090971063384
41.66322972,-0.860924854,3,2.382869847460853,0.6561037068730136,7.135894522763789,0.0,4.7797354488100305,1.091175665599698,2.336805945203073,3.3784979702322433,3.3164335788574433,1.7838849501788987
41.65340217,-0.907316574,4,2.2625652968200374,3.7509521654856615,1.9123287018642539,3.6155520405201167,0.0,1.9496443713663918,0.8165123139933949,2.5557827666853967,0.4997899540673258,7.015023559356159
41.65367873,-0.879217447,5,0.6822557065753235,0.8944610660601481,5.0321633704338185,1.0698289420994924,2.6298512759954344,0.0,1.1662359734437862,1.935306656363476,1.0256100943828004,4.076188661157296
41.63301033,-0.89057139,7,0.4968520379473425,2.0236640818797884,3.9603653074670317,3.6826584774295457,1.4313249420658742,1.8797689675618148,2.6518316777781914,0.0,0.423760480651701,6.409814725751491
41.65559363,-0.88431637,5,0.7415812524241496,1.4879103294661882,4.472262607564835,1.3315251311955194,2.073386377581227,0.0,0.5756131654691024,2.101795418264542,0.5857337612176388,4.508537057428586
41.64636774,-0.872601408,1,0.20291218864696506,0.0,5.783769797072286,1.446432056283295,3.3939019305869405,0.2027253265665137,2.2324523511998735,1.1667889857676392,1.6990662326109764,3.9294809637667494
41.65644145,-0.890829381,8,0.9619319144520274,2.1344612073853253,3.7531481873705914,1.8876520541973865,1.3724895693353134,0.10701220369527181,0.0498921009042496,2.1892318934748256,0.0,5.161747679866135
41.64574698,-0.895944258,8,0.7905376108398132,2.4180583084537566,3.2212083488205416,3.018973471190283,0.8387590379559041,1.063648490994425,1.3112617174169479,1.1176175923246727,0.0,6.132708121958435
41.65358467,-0.886073016,5,0.4939953186124745,1.5180856812451498,4.270550801140847,1.6191252356822032,1.868203944054847,0.0,0.6325452957492249,1.8880687448570819,0.3520427613962031,4.772898914236947
41.66172931,-0.895639174,6,1.7487380919772868,2.9014051753595886,3.3114198195354385,2.0561988638296125,1.084030466742874,0.8327482800004798,0.0,2.814434981713959,0.5440232186935712,5.545420485843054
41.66046187,-0.898444126,6,1.8390999906962398,3.0907184903967897,2.9755326422703314,2.39723009005914,0.7524050231580904,1.0438974768280351,0.0,2.747060365121531,0.5390770520723425,5.877049222567702
41.64448159,-0.883424667,0,0.0,1.054438021498097,4.6159350966686326,2.1812186022365454,2.224042036598199,0.4556884044901905,1.5979159468002124,0.8734632514534839,0.5982161260099662,5.002835867489039
41.65190645,-0.873029644,5,0.6105400288056457,0.20546881432122854,5.713330842466743,0.8841149519687642,3.322231408481144,0.0,1.7700061153164866,1.7695990714014511,1.6432645738423723,3.5836262232456226
41.64952296,-0.888247542,8,0.178226679668645,1.5888204359390392,4.025352212707723,2.0920519113745906,1.6349176927192777,0.11694679816050706,0.8619164200842833,1.4633536180450324,0.0,5.18014941455059
41.65209665,-0.911539657,4,2.6539151346623173,4.189362690523452,1.4378726050883728,4.100900345772365,0.0,2.434759391135815,1.2055609598833,2.7911119957996413,0.9762008373190822,7.505945214407114
41.6372513,-0.872226548,1,0.10155727482437311,0.0,5.97303449449648,2.4352009407412765,3.4573848183483737,1.0924559469815094,2.9936261029404094,0.25254931988101026,2.028481021910633,4.646039614082577
41.64443861,-0.895939435,8,0.7536446882739724,2.428974191878433,3.251550607910838,3.1085739510256447,0.8616151376359629,1.1408960487326798,1.4537362798229436,0.9894224246028954,0.0,6.197945903784027
41.63356651,-0.885201358,7,0.3977017615441641,1.432748200501598,4.547976142938772,3.3098083131120215,2.024996096393165,1.6818672529506062,2.6615234678588036,0.0,0.8480302715711138,5.923260547579908
41.64729377,-0.899437832,8,1.214305674860377,2.803856301843767,2.8097861788221965,3.2457061946689487,0.41804686791905293,1.3442857765490506,1.2397111415841973,1.4699061567765341,0.0,6.41301228934859
41.65103071,-0.915533525,4,3.0430539133569083,4.61562934867573,0.9899292947786997,4.553272928911983,0.0,2.8920785990833813,1.6135093823582565,2.944982750010302,1.4128567087470845,7.965219036174653
41.63162326,-0.943802291,2,5.942317402379933,7.878143590543399,0.0,8.331141961845747,2.1547615068780495,6.553471751975915,5.404315718679979,4.209419413662382,4.508915043391547,11.6341857018094
41.64570902,-0.860575158,1,1.5023260812669614,0.0,7.121329534313662,1.3938058276915934,4.7314612003552,1.357954044248041,3.221563940991712,1.8239257572278336,3.034978374103261,3.1299674364825556
41.65231586,-0.910227232,4,2.522132966589169,4.04863790181748,1.5838270445098437,3.958964832261082,0.0,2.2869171283147343,1.091926188398795,2.7101216930070127,0.8288271517303704,7.358937641643682
41.64996264,-0.925505972,2,4.076220950817504,5.710548640381525,0.0,5.622305304773469,0.26071411098171476,4.004550447079869,2.5655001679866656,3.6685479963473173,2.5210651731645295,9.066533246592675
41.65518141,-0.876573777,5,0.9096796022406649,0.7407508991265056,5.33143659634484,0.7722503647864143,2.9278746676657086,0.0,1.2339122797320414,2.1088063976629194,1.3618997503235677,3.7387805454434755
41.64711055,-0.861597666,1,1.4151755482844715,0.0,6.996613458334942,1.241950526042117,4.607791943825532,1.18069549777082,3.032610140102568,1.8466203920293287,2.910090560122386,3.0660450204117216
41.65164208,-0.876545902,5,0.516444278240784,0.5402684766633836,5.322258159699814,1.0936702792339879,2.9307414397750478,0.0,1.5253012794372574,1.7162357902516154,1.2521468157612128,3.9271854768256405
41.65577531,-0.885510262,5,0.7394842806134855,1.6028947663020594,4.340270599450137,1.4341684008853384,1.9436502379077678,0.0,0.4642086066070363,2.1257485004560537,0.46693616286267153,4.625553107974262
41.68378721,-0.872061459,3,4.113431488576161,3.1011723317486077,6.304387738170183,0.0,4.5266308712070416,2.3832561366689107,1.291579464220571,5.310823882961052,3.6650572897873706,3.222603541643819
41.63173756,-0.909682652,4,2.2266497866058175,4.134687028538686,1.8960582935167634,5.185623375809674,0.0,3.2117081821297635,3.1439336738397206,1.204342211728643,0.7228739717564393,8.222091767009747
41.63629962,-0.891735677,7,0.22758999314887146,2.0894081385413945,3.806263868736995,3.4495169584156105,1.297449505133636,1.591688886285239,2.2891011957117122,0.0,0.061958898567160935,6.283784427988039
41.66693033,-0.829124331,9,5.518102514387929,3.1262505184715814,10.69262753109304,2.434725819078734,8.325461287710807,4.546247894266019,5.821441038883853,6.032886430866988,6.773639745717289,0.0
41.661659,-0.86448582,3,2.008044531351814,0.6007394460771995,6.721237577771504,0.0,4.35614132588361,0.6694160263492785,1.9731485243304427,3.0582346897375032,2.8844336606514465,2.216150361256626
41.64619444,-0.889271065,8,0.11887646771957316,1.6751030048569329,3.9452948057057853,2.432728312582552,1.5521127443180285,0.4886067835319046,1.1977180493928605,1.077157486395885,0.0,5.45319499665235
41.64615535,-0.883218904,0,0.0,1.0038856512298109,4.612829570174521,2.0107889406664583,2.2204283091265906,0.2725197764358945,1.4537032853770093,1.0608362037956598,0.5628447406295222,4.8799332632605665
41.64234176,-0.907662315,4,1.9345912379767896,3.7501915913502146,2.0950533054889933,4.312373958997915,0.0,2.3944363439703555,1.9549178190646592,1.646382114954804,0.6280415513779369,7.471462001223187
41.6481972,-0.879864981,5,0.07005197241875173,0.6471861547448212,4.963343005412082,1.6211777079791174,2.5746557952183404,0.0,1.5121572754235002,1.3318321002957676,0.8771323165483846,4.4438907313758484
41.64109864,-0.866380337,1,0.8543776822254253,0.0,6.5457711636216995,1.8967067187586408,4.125218492552006,1.1076470161029452,3.137926682856179,1.0006973706965583,2.5101081156853358,3.916868446805321
41.65921053,-0.867738471,3,1.5894725647833565,0.3375348128372621,6.33425806665268,0.0,3.9520517216545357,0.21806448724185745,1.712062857337087,2.6829280692406234,2.4408509140143893,2.660698848249775
41.65089981,-0.906061349,4,2.0332751365712842,3.568331390148312,2.04246860024621,3.6285022752045286,0.0,1.8689036529522167,1.0150234628781647,2.260097906218527,0.3611457375275187,6.961125257285431
41.66915942,-0.884263312,6,2.232974563519474,2.371163287997541,4.640171015195309,0.6422111975506827,2.5785889929116146,0.6240995949843168,0.0,3.6091149601504533,1.5694221843104856,4.202961393687434
41.63918663,-0.896242262,8,0.6204198764355036,2.5315697689931924,3.313002165603755,3.5306929757443233,0.8084690067193013,1.5660922888330586,2.0341250683334113,0.594668470912125,0.0,6.516425692542452
41.64680363,-0.863248537,1,1.2287513893748834,0.0,6.815841026950658,1.2733574165961936,4.426519899170178,1.0435173054330489,2.923191580812444,1.6978245046616802,2.7289152578657574,3.1980739145906125
41.6813795,-0.873561877,3,3.82243360935173,2.8803839267776024,6.065024123650531,0.0,4.242882612568706,2.088102199697811,1.035940843442062,5.035998820354002,3.3502091099671865,3.259474352935366
41.6461464,-0.88586672,0,0.0,1.297543846673483,4.32096036562646,2.184374673727383,1.9280149913841313,0.33173136754712546,1.308402101967335,1.065147918716512,0.29803606128179727,5.12927606661349
41.6468383,-0.86778781,1,0.7372743711547857,0.0,6.312506985289342,1.2892712885194224,3.9229242372575457,0.6250380390493648,2.57688706920846,1.4132051876689191,2.225567118178233,3.513520242793034
41.66132006,-0.898939365,6,1.9463113175470683,3.185952305692091,2.944994712021798,2.4181563334328313,0.7816004972303884,1.1350785258183484,0.0,2.8542025527079593,0.6471863870575608,5.914539335844432
41.64812385,-0.875536049,5,0.13712898841598672,0.2075363120885973,5.443912463549931,1.3845279216428954,3.055578273426765,0.0,1.856292555257329,1.3393210955274124,1.3581787473415754,4.055587918781695
41.66847936,-0.885696603,6,2.149207401175608,2.4289300253991564,4.475883730978305,0.810512833361103,2.403410743742973,0.631974524695079,0.0,3.5366034822870067,1.432840654962347,4.3647704171316795
41.65769091,-0.88815391,5,0.9794785585293135,1.9653612435742824,4.059728753847589,1.572466772665818,1.6943259463703195,0.0,0.12826208253657725,2.355622223633543,0.3150192378138045,4.836925048026361
41.64889471,-0.922027683,4,3.6720987540403414,5.318366676521776,0.3609387471924553,5.309083370906853,0.0,3.645612171745684,2.3162529799520315,3.2897791970167343,2.1392021781008177,8.724040546475884
41.65908025,-0.940475667,2,5.9545628432746325,7.488239996041657,0.0,6.9860043065613375,1.9615257247387479,5.628549545274484,3.511661550056502,5.611128444990844,4.230095785048559,10.519745273275289
41.67383796,-0.862154539,3,3.3230501908122023,1.8180452311641286,7.137456109911463,0.0,5.006543205597496,1.8722525563284562,2.1774420413253606,4.4194696956625314,3.702519986571145,1.7917300736002002
41.64532092,-0.882995408,0,0.0,0.990340416858167,4.649311621032022,2.0766683487015682,2.2561292351798516,0.35330540725549675,1.5442587631959357,0.9724548183580887,0.6236330011947407,4.910698119159621
41.64937336,-0.904677182,4,1.837915085661024,3.3974448930879406,2.2042291995112637,3.592966105665422,0.0,1.7802962443281198,1.1077054964925477,2.031680248290956,0.22574329888360767,6.870144024389745
41.64410822,-0.887280362,0,0.0,1.4832270460658314,4.2009294893750875,2.4592564142911617,1.8143358441076742,0.5957731988848478,1.4691967438640292,0.8866767750757746,0.22604716268730632,5.382428795819953
41.65755442,-0.893368489,6,1.2279289661709012,2.4408085455169735,3.48140170592093,2.0423902515913688,1.1317338731171693,0.4019143432519688,0.0,2.3216113241853553,0.05142343191379009,5.398462027471713
41.66527076,-0.869571571,3,2.1376238073664444,1.0392207731256784,6.22503716376908,0.0,3.9108898176335813,0.6312736507314133,1.3634936122369832,3.293554326948704,2.5117939960131377,2.626204923154771
41.67891289,-0.829781833,9,6.125268169927768,3.7439577634434533,10.777193409794565,2.6183351155396006,8.580688574903427,4.956397049732323,5.8182883144777335,6.844776911662627,7.171455654745207,0.0
41.6512286,-0.881211905,5,0.3951577731256759,0.9201191977289437,4.803464022846876,1.4206287737734578,2.4112412021278615,0.0,1.1594122934577387,1.6544382090638543,0.7329761883324954,4.398887047482795
41.6392,-0.885374204,0,0.0,1.3325050355482533,4.518392530815961,2.788775084556116,2.004327647773104,1.080625514254917,2.0518221247784343,0.3016436309359144,0.590755750517058,5.527229983279239
41.64559701,-0.896292313,8,0.8218542145127355,2.4575435908750074,3.186336782738938,3.059871913354876,0.8078468810590049,1.105199388115442,1.33596607017165,1.1207767882714856,0.0,6.1747622812951874
41.66198152,-0.877741825,5,1.6189389850523015,1.293623756562231,5.26712499155461,0.3833423254930625,2.9363586295704582,0.0,0.594311311201688,2.8588361054314855,1.5370845729660736,3.5940729141633496
41.61817266,-0.898539421,7,2.3646745340113817,3.5471989628414207,3.419782032109001,5.542989816350024,1.254016918393734,3.73724724635089,4.381226164748813,0.0,1.4391799761600899,8.178262788370237
41.64276078,-0.873726694,1,0.01850672656861338,0.0,5.710199243251676,1.865790846967283,3.3184011026029476,0.4585448061772034,2.414877458883707,0.7510527735682371,1.6803727701428672,4.296980597928915
41.64269292,-0.870516388,1,0.3708472530941056,0.0,6.063636128506373,1.814443998776628,3.6710675037088434,0.6403225792269583,2.6732314349249036,0.8623823003303553,2.0180416686108957,4.058960408648738
41.64175825,-0.885572287,0,0.0,1.3208810063901004,4.441069801003408,2.5635948195216356,2.0279108648511897,0.8126221212393564,1.7744195903613615,0.5800995924845521,0.46337594594734355,5.3726426034503305
41.65975176,-0.896037372,6,1.6038558108304921,2.819690506829125,3.221564980537166,2.1802477715033604,0.9313613286504081,0.7686239295531863,0.0,2.6062767472888964,0.3352330772915184,5.630096304831186
41.65529424,-0.882634688,5,0.7783046525927142,1.3142495406458483,4.658300991806636,1.2006388895598172,2.2566395335234475,0.0,0.7478986890514665,2.0774940880057153,0.7609668741446456,4.347230504051331
41.64867867,-0.903625242,4,1.7039328779914593,3.275192769905865,2.3282369873725677,3.540938133187295,0.0,1.7064160833811204,1.1520728693259417,1.8939995501211502,0.10668260856908457,6.786968941939484
41.64977141,-0.905618198,4,1.9503014769905662,3.505518807041831,2.0965720474514207,3.654394667373173,0.0,1.861333685216461,1.1045115297559789,2.138229061237149,0.3235886224673767,6.9541505181307
41.65918978,-0.901141869,6,1.9626196657592607,3.293629810406299,2.652792123013026,2.727556542420161,0.44366340202262494,1.2840380134242462,0.0,2.716098828182855,0.3957876590645289,6.198225520107003
41.64717173,-0.901097175,8,1.3836553855674778,2.9879830601282844,2.62982075866247,3.4122820290388867,0.24753927375569248,1.5247735608529358,1.281130780228688,1.5780628987761185,0.0,6.587930331366114
41.64897436,-0.890990687,8,0.3859182148346239,1.8802044007733854,3.7241669346911457,2.3642098174222608,1.3363034158210478,0.40675634176856323,0.8785259172715858,1.3594282625617837,0.0,5.480996744367861
41.66507121,-0.884155384,6,1.7822479692211128,2.050016724156069,4.638482153406688,0.7339914733653433,2.377277094135409,0.24005780198849164,0.0,3.1549407875277513,1.1925178499920903,4.227671268312448
41.64914225,-0.877681052,5,0.2417947740356524,0.4648118053661879,5.200147344576419,1.3943914666322783,2.8089041121760476,0.0,1.602144358906285,1.4346622491211742,1.1172832790297011,4.183701197760688
41.66414568,-0.931451783,2,5.186950079309446,6.645685800924167,0.0,5.9049367140189055,1.3432518072732988,4.69461716841122,2.408794920502501,5.20968045457363,3.3593971212277736,9.46833848765793
41.65080945,-0.907626443,4,2.196376677774311,3.7396745675874445,1.8687041956389365,3.7829419240375364,0.0,2.0390972350260337,1.0950924455960898,2.3814790024887915,0.5339934256313733,7.129813230491171
41.67125038,-0.8838785,6,2.4682466417075664,2.520584744128067,4.706688241613688,0.5606592059047957,2.7032534732379445,0.8366134197190268,0.0,3.8418130200865157,1.7965949791676228,4.160400211801654
41.66206535,-0.86868695,3,1.8366940460793548,0.6709672604616296,6.263868951066399,0.0,3.9104863588480665,0.38629125109784596,1.5083611231982013,2.963352719692754,2.462302394043692,2.6299533502805046
41.67260049,-0.878502908,3,2.737177232939136,2.236971935877482,5.3187078939763195,0.0,3.3122375246501963,1.0596245515223803,0.39685032009945637,4.036858605968647,2.2384881448273024,3.5715742712077247
41.66173514,-0.902198925,6,2.2383602941533156,3.524594244673511,2.610520329516979,2.753363325559501,0.44266005184136153,1.4829847355417307,0.0,3.022307477177167,0.656353364781545,6.264884539027288
41.66109363,-0.864062661,3,1.9827741241745673,0.5370444466032747,6.760831870622314,0.0,4.390102222271076,0.6694907665995713,2.033043641447474,3.017802169522696,2.8993948602628663,2.2018017564771095
41.63858434,-0.88738147,0,0.0,1.5640470519396095,4.29244945254915,2.9693080210482012,1.7767382680827795,1.1886190593554218,2.0659777012630776,0.32008615940026586,0.38735995808049134,5.744973418319262
41.65186457,-0.914697241,4,2.9820460432898557,4.533740665128221,1.0864601030806265,4.430623026386015,0.0,2.7854047142945317,1.4832495837313824,2.961869023039325,1.3266158183683932,7.851194481159004
41.65413946,-0.874164933,5,0.8134274873613744,0.45237086259903847,5.595066703801074,0.7164115709890986,3.191514398042304,0.0,1.4998693900978683,2.0097504037178666,1.5714256756609464,3.5577539234419473
41.64535687,-0.887103851,0,0.0,1.4419782600474265,4.197005676140181,2.3397478067119497,1.8044774450431538,0.46137421003514095,1.3414546165797303,1.0110594744151495,0.1822784299749804,5.292309204192614
41.64746708,-0.879730439,0,0.0,0.6179530195670313,4.984115304256629,1.6768745119304505,2.594331659105981,0.08249022851306066,1.585329595027665,1.2496476009890334,0.8978698885894133,4.476626909491882
41.64386018,-0.872014338,1,0.22371677674747986,0.0,5.880162295930625,1.7054935941435097,3.4869752490176924,0.43205791459058956,2.4628373557903322,0.9130721943281117,1.8206242980958984,4.076482362686323
41.66143468,-0.903953784,6,2.362143826314477,3.682937613581997,2.4148965347860747,2.95053242320116,0.24720629625257035,1.6535061014760055,0.0,3.074709423973364,0.6486420315055771,6.462670270070194
41.65155562,-0.905298808,4,1.977679380151249,3.494559611006046,2.1278029300178436,3.518238791666194,0.0,1.7678571657748925,0.9105156067293722,2.252684580332292,0.29478101870022233,6.858225297573696
41.6896196,-0.876790641,3,4.613121018670233,3.8602364828211275,6.061111559140805,0.0,4.517693943321075,2.926396698244991,1.3782220119701623,5.931545448338729,3.981663479671103,4.003999690398858
41.64468419,-0.878209917,0,0.0,0.4768799667374404,5.18571107399592,1.8550487217148126,2.79252542319519,0.3217124532515768,1.9344480164224633,0.9364744577268274,1.1385337286276154,4.524961524846878
41.63918315,-0.868616329,1,0.5551004274247355,0.0,6.341924592371118,2.1405467668118914,3.862372395866207,1.0734936922935119,3.0948780037911026,0.6735714898725259,2.3455104736793104,4.233727151449737
41.66719322,-0.872725615,3,2.272032523287123,1.3809044758937374,5.909486071850293,0.0,3.641803597999418,0.5929953031424856,0.9915248931705876,3.4658092025511498,2.3159193665631985,2.9382283208666826
41.64391187,-0.903934313,4,1.5951889464980555,3.3186186007089438,2.4134300518023464,3.867647801116739,0.0,1.945013503706028,1.6793542884717927,1.5976551367588674,0.25555205296267036,7.022190724118094
41.64485571,-0.896215107,8,0.7923450917858358,2.454891703163884,3.211446331806236,3.103392754573073,0.8279211387625799,1.1416690744802696,1.414393163416555,1.0448928753580002,0.0,6.2039838657690005
41.65047178,-0.859418949,1,1.7222417301683413,0.0,7.22517051821434,0.8669409770632469,4.832271752969308,1.2903474692032098,2.994098122445342,2.2848510299223386,3.142803166575349,2.620990279418219
41.66333112,-0.86100617,3,2.3859845797405126,0.6702097856297127,7.128485468729946,0.0,4.773421538182221,1.0903611256853045,2.3266711394975803,3.3846240360800337,3.3133366495875425,1.7872115206701036
41.64754158,-0.890979341,8,0.3544954278821689,1.8652797232032934,3.738739599847898,2.46513648610296,1.348826521703512,0.49176339227939553,1.037607153208695,1.2004122172461005,0.0,5.550157077833505
41.62843359,-0.856043614,1,2.119305241599414,0.0,7.830025966579924,3.3229737254620075,5.299172788371734,2.8977241562083473,4.929566452897775,1.7926867815083256,4.037166785747778,4.230658290996339
41.64015213,-0.866316017,1,0.8321183850652081,0.0,6.571408759593946,2.001071561166371,4.12374146269388,1.1765650916503636,3.210436761552481,0.9407883172201976,2.552745968714073,4.000108700281891
41.65445558,-0.920689083,4,3.70316394457601,5.233977707303383,0.42923204128725134,4.952284251889433,0.0,3.422683819078804,1.8550695036987268,3.6064601956129505,1.989966170412155,8.431654083608379
41.6512637,-0.900366328,8,1.454663260797946,2.9483208758949893,2.67525256688066,3.079331971230747,0.28760286718799016,1.2573737954957158,0.8272425097673681,1.8927947406580634,0.0,6.348523836625685
41.65181602,-0.905556713,4,2.0148312292650186,3.527336322150885,2.1001035475358267,3.5279907132616435,0.0,1.7886105635455858,0.8988171995948915,2.293390494779375,0.31998242562751145,6.876913517485241
41.64731791,-0.891472233,8,0.3894658220780136,1.9191044921992746,3.6870050046983582,2.522760315648447,1.2956425261517057,0.550665900035044,1.0653554085193158,1.1744213498949796,0.0,5.6102395973218835
41.66507387,-0.933666786,2,5.453640066602847,6.911178393083806,0.0,6.135078343300446,1.6074544061265832,4.95552385918285,2.6386445831239835,5.455702851240612,3.625218275851125,9.707279936469897
41.65619201,-0.919415073,4,3.62759977042736,5.130048167022409,0.6009198142671611,4.761032431174042,0.0,3.27955184314591,1.6456111913599656,3.6622364980411537,1.8705527350204625,8.25473934425344
41.63566802,-0.94401458,2,5.926941120793714,7.84941940243672,0.0,8.14407137016054,2.137732057784863,6.406283830926979,5.1557439734818775,4.406822807998084,4.544044065419159,11.498557838709731
41.64235642,-0.870597957,1,0.3671710569282856,0.0,6.060538862501662,1.8523786956649375,3.6684919627526793,0.6614475651873543,2.6917913808039184,0.8255298210938012,2.0215661025140794,4.093098522685012
41.68703144,-0.871028455,3,4.483356333284497,3.4364959730031233,6.5343376346080095,0.0,4.825702104095057,2.760359663205379,1.5789631267226423,5.677665219509073,4.0284912789400025,3.3113996214639516
41.65537746,-0.893470958,8,1.049009433485407,2.342470208195389,3.4548119889905653,2.1911027631110787,1.0615453994244728,0.396808273790206,0.20919878566262995,2.082063968813834,0.0,5.477149434508317
41.63475881,-0.947387604,2,6.3067350919030245,8.232688688207524,0.0,8.525357829835848,2.522178015172568,6.792981654265742,5.523397306187323,4.70766455645451,4.911868398140207,11.885611768680088
41.65238241,-0.909326112,4,2.429646605273778,3.950843772857729,1.6840502327672466,3.8659338270492185,0.0,2.1869040119881085,1.0267022315990215,2.6386809141437153,0.728557706509607,7.260555669166535
41.63920807,-0.880584803,0,0.0,0.812061850355526,5.048113943880633,2.517715237212287,2.534867865249327,0.967879132749081,2.2630852563486057,0.3837144690224083,1.083379480006545,5.12096465645433
41.64488426,-0.896726646,8,0.8486225262808303,2.5112390233374855,3.155268193247145,3.1462556257402907,0.7710014915519161,1.1890396670341536,1.424449615324918,1.0774688014619427,0.0,6.253268365258317
41.66708235,-0.83183593,9,5.252091881733712,2.852178803091727,10.396193763893114,2.132979625180297,8.032139307660259,4.257644946099581,5.519730349622865,5.801444461120601,6.489589822460236,0.0
41.64092743,-0.86562454,1,0.9382272241218172,0.0,6.6317580622889105,1.91111757643042,4.2071082099491095,1.1854202965008047,3.2154635307882202,1.0538353619838,2.595739852939297,3.8859061408179616
41.65338286,-0.902176225,8,1.7217175058414955,3.1922524903812537,2.4821537101293782,3.1162989037222633,0.08901944870256126,1.3851031203190207,0.609899155636352,2.1992101265190267,0.0,6.466799903784221
41.64406466,-0.886924816,0,0.0,1.4455759713678595,4.240651216924383,2.43859627948852,1.8538200469994828,0.5864195364897453,1.4845985117584897,0.8684716523412163,0.26253574194244095,5.351795768065257
41.65779948,-0.869639582,5,1.356966827338265,0.38018943155161955,6.112367653587084,0.13444741029670304,3.7212850970889155,0.0,1.5982894593155075,2.4776962461601597,2.1841307854977896,2.920590114544965
41.64581208,-0.874397637,0,0.0,0.0639023567154565,5.591143176147341,1.5656195863924298,3.200063588255626,0.11155789019730118,2.121150835359882,1.084142448025804,1.512055688725959,4.119580927585995
41.65012828,-0.861439298,1,1.4955227467379943,0.0,7.001161911886691,0.9063578108502557,4.608232442453639,1.0768335412084693,2.8327795388820096,2.111070944609832,2.917971845375102,2.781277003161086
41.63563343,-0.879493549,7,0.10304593805629664,0.7591850403963037,5.167995252014944,2.826821768953361,2.6586408849181438,1.3353746043702388,2.669548394458021,0.0,1.3118265087256287,5.311336399275798
41.65214255,-0.901174521,8,1.5695719110261537,3.05431317561241,2.5881240083136614,3.097775565851873,0.22851097531573136,1.3090749294482207,0.7296584161326914,2.023161039785409,0.0,6.402099187547595
41.65781626,-0.921151827,4,3.8714376338060887,5.35742969459819,0.5277145330997891,4.902289272828675,0.0,3.4773348559205886,1.6487549481394288,3.923747558289204,2.082067843606162,8.413004128073862
41.63953148,-0.896522307,8,0.6582504539853833,2.5581322526830657,3.284943133215206,3.52481158891991,0.787759498021219,1.556377717495636,2.001766237295747,0.6417249045533024,0.0,6.5227807318450415
41.657778,-0.857884216,1,2.2199630034034072,0.0,7.416463013747813,0.09400772236975719,5.020140110010213,1.2306201049089855,2.79400582861483,3.0311104318581124,3.4226815938701045,1.8739333729751664
41.65490018,-0.877102054,5,0.864475790104848,0.7633768935135427,5.272389186352765,0.8274036268654625,2.867708210113803,0.0,1.2123060271186052,2.075683483262192,1.2955143891637382,3.8052527905164903
